User_ID,Item_ID,Rating
user_0,6U7X9EA-16,1
user_0,NX.AT9EF.001,1
user_0,82TT0010FE-12,1
user_0,LE018CL0QLRMONAFAMZ,3
user_0,AS040CL02ZWSSNAFAMZ,1
user_0,I5-1035G1-16,1
user_0,6D6Y3EA-16,2
user_0,21B1000PFE,2
user_0,X515EP-BQ676W-12G,4
user_0,27K10EA-16,2
user_0,NX.H4CEF.025-16,5
user_0,81WE01AXFE-20,2
user_0,82FG00QEFG,3
user_0,82C30009FE-Win10P,1
user_0,2R0M5EA-16,1
user_0,NX.EGHEF.00A,3
user_1,I5-1035G1-32,5
user_1,X1502ZA-EJ674W-12,1
user_1,LE018CL0QLRMONAFAMZ,2
user_1,6L9K4EA-24,4
user_1,S5602ZA-L2140W,1
user_1,6L9K4EA-16,3
user_1,GF63-12UCX-682XFR-24G,1
user_1,N1808PVNB3530EMEA01-16,4
user_1,V3400I5-12,1
user_1,82C500T8FE,2
user_1,NX.EGNEF.007-8,5
user_1,2R0M5EA,4
user_1,HP017CL06INRGNAFAMZ,3
user_1,82KU01DXFG,4
user_2,GU603ZE-LS001W,3
user_2,N6501VN3500EMEA01-8-W10,4
user_2,3511I5-3000-32,5
user_2,82NB000HFE,5
user_2,898F4EA,4
user_2,82TT002BFE,4
user_2,NX.AT9EF.001,3
user_2,32P03EA-16-W10,3
user_2,82C500T8FE-256SSD-12,4
user_2,886J7EA-24,4
user_2,6D6Y6EA,4
user_2,A11MU-1021FR,4
user_2,6L9K4EA-12,1
user_3,82TT002NFE,4
user_3,886J0EA,3
user_3,LE018CL1DXM74NAFAMZ,3
user_3,GF63-12UCX-681XFR-24G,5
user_3,82KU01DYFG,2
user_3,X1502ZA-EJ1634W-8,3
user_3,X515EP-BQ601W-24G,1
user_3,GF63-12VF-414XFR-32G,3
user_3,2R0N0EA-8G-512SSD,3
user_3,32M78EA-24G,2
user_3,AP009CL1ASLLONAFAMZ,3
user_3,LE018CL024N10NAFAMZ,4
user_3,32M60EA,2
user_3,N1610PVNB3520EMEA0,3
user_3,32M78EA-8G,3
user_3,HP017CL0CCB50NAFAMZ,2
user_3,82KU01Q7FG-8,1
user_3,X515EP-BQ398W,5
user_4,82C500T8FE-20,5
user_4,MGN73FN/A,5
user_4,D415DA-BV873T-8,3
user_4,455Z7EA-24,2
user_4,X415EA-BV600T,5
user_4,X515EP-BQ398W-12,5
user_4,LE018CL08T6R0NAFAMZ,1
user_4,82RK00UJFG-16,4
user_4,HP017CL0LA1GWNAFAMZ,1
user_4,6F875EA,5
user_4,LE018CL1GZVY8NAFAMZ,4
user_5,LE018CL1JL7R0NAFAMZ,3
user_5,82TT002BFE-24,5
user_5,82TT002BFE-12,2
user_5,82KB0016FE-12,1
user_5,X515EP-BQ601W-16G,4
user_5,X1502ZA-EJ428W,4
user_5,LE018CL12HQCCNAFAMZ,5
user_5,MODERN15-1021FR-16,4
user_5,82TT0010FE-24,2
user_5,NX.H4CEF.025-8,1
user_5,32P03EA-8-W10,4
user_5,N6501VN3500EMEA01-24-W10,2
user_5,82YU0044FE,4
user_5,V3525-RYZEN7-32,2
user_6,9S7-158422-222,3
user_6,82NB000HFE,5
user_6,MKGP3FN-A,1
user_6,81WE01AXFE-16,1
user_6,82H803SYFG-12,5
user_7,82H800VJFE,1
user_7,LE018CL12HQCCNAFAMZ,2
user_7,2R0M5EA-32G,1
user_7,NX.AT9EF.001,1
user_7,NX.AT3EF.001,4
user_7,X515EP-BQ358W-24G,2
user_7,82NB003SFE,4
user_8,6D6Y2EA-12,2
user_8,82NB003SFE-12,2
user_8,HP017CL0F3RB4NAFAMZ,2
user_8,6F875EA-16,4
user_8,X515EP-BQ369W,5
user_8,MS198CL0T4OUSNAFAMZ,5
user_8,82NB000HFE,2
user_8,82C2000YFE-256,5
user_8,DE014CL1IBWKSNAFAMZ,3
user_8,B9400CEA-KC0452R,5
user_8,82KU01E0FG,5
user_8,NX.H4CEF.025-16,1
user_8,DE014CL13O1EWNAFAMZ,3
user_8,2R0N0EA,4
user_8,HP017CL14K84SNAFAMZ,4
user_8,LE018CL0280SCNAFAMZ,3
user_8,X1502ZA-EJ1634W-12,4
user_8,455Z8EA,2
user_9,MS198CL0N6CT0NAFAMZ,4
user_9,82KB00YXFE,5
user_9,82RK00UGFG,5
user_9,2Q9G5EA-ssd256-w10,4
user_9,X515FA-BR204W-8,5
user_9,LE018CL0QLRMONAFAMZ,4
user_9,V3525-RYZEN5,1
user_10,82TT002BFE-24,3
user_10,6F993EA,1
user_10,32P03EA-16-W10,5
user_10,UM425QA-KI165W,1
user_10,LE018CL0VI5V0NAFAMZ,1
user_10,82C500T8FE-12,5
user_10,X1502ZA-EJ674W-12,3
user_10,M1702QA-AU014W,2
user_10,D415DA-BV873T-8-512,5
user_10,B12UDXK-644XFR,4
user_10,TM420UA-EC224-20G,1
user_10,MODERN15-1021FR-12,1
user_10,N6501VN3500EMEA01,1
user_10,X1502ZA-EJ1634W-12,3
user_10,AORUS-15-BKF-32,5
user_10,861923-5430,5
user_10,M1702QA-AU014W-12,4
user_10,886K5EA-16,5
user_10,886K6EA-16,2
user_11,V3525-RYZEN7-24,5
user_11,6F7Z2EA,3
user_11,82XQ00BQFG,4
user_11,LE018CL0JNWC4NAFAMZ,5
user_11,6Q847ES-16,4
user_11,6Q843ES-16,1
user_11,82TT002BFE-12,2
user_11,NX.H4CEF.025-8,2
user_11,82NB000HFE-8,5
user_12,2U2M4EA-24,2
user_12,90NR0675-M00210-16,1
user_12,82KB0016FE-16,2
user_12,9S7-158362-234,5
user_12,X515JA-BR3991W,2
user_12,X515EP-BQ676W,4
user_12,82KB0016FE-16,4
user_12,G5MF-32go,4
user_12,X515JA-BR3991W-12,2
user_12,735775-3510,2
user_12,LE018CL0D06PGNAFAMZ,3
user_12,6D6Y0EA,5
user_12,82TT002NFE-16,5
user_12,AORUS-15-BKF-32,3
user_12,82FG00QEFG,5
user_12,15A12VE-463XFR-24,1
user_12,6F875EA,4
user_12,82TT002BFE-12,1
user_12,3510-i5-16G,2
user_12,6D6Y3EA,2
user_13,21E600A3FE-16,4
user_13,X1502ZA-EJ674W,3
user_13,NX.EGNEF.007-8,4
user_13,53A18EA-24,1
user_13,X1605PA-MB038W,5
user_13,82TT002BFE-24,4
user_13,LE018CL0PM8DWNAFAMZ,4
user_13,21E600A0FE-16,2
user_13,NX.VPREF.004-16,5
user_14,NX.ACWEF.00H,5
user_14,N6501VN3500EMEA01-24-W10,4
user_14,MNW83FN/A,4
user_14,NX.AT9EF.002-12,3
user_14,82TT0028FE,3
user_14,6U7Y0EA-16,5
user_14,N1807PVNB3530EMEA01,3
user_14,V3520I5-16,1
user_14,X1502ZA-EJ1634W-8,1
user_14,81W101LJFG-2Y-W10,4
user_14,V3520I5,2
user_14,601F4EA-16,2
user_14,LE018CL120Y3KNAFAMZ,2
user_14,6F875EA-16,3
user_14,LE018CL0WKDSCNAFAMZ,2
user_14,GF63-12UCX-681XFR-16,2
user_14,81W101HLFG-2Y-12-W10,4
user_14,82TT002BFE,1
user_14,9S7-17L352-086,1
user_15,N6501VN3500EMEA01-24,1
user_15,X1502ZA-EJ674W-20,1
user_15,601C1EA,4
user_15,DE014CL10WM0KNAFAMZ,1
user_15,82KB00YXFE,1
user_15,82C30009FE-Win10P,4
user_15,5Y3T3EA,2
user_15,I5-1035G1-16,2
user_15,82H803SYFG-16,1
user_15,GF63-12VE-210XFR,4
user_15,X1502ZA-EJ087W-16,3
user_15,735888-1035G1-16,2
user_15,UX5401ZA-L7052W,2
user_15,2R0N0EA,2
user_15,20VE000MFE-12G,4
user_16,82RK00UJFG-16,4
user_16,886K5EA,1
user_16,3511I5-3000-24,5
user_16,N6501VN3500EMEA01-12-W10,5
user_16,M3502QA-MA114W,2
user_16,2R0N0EA-32G,5
user_16,886K6EA,2
user_17,9S7-14C612-040,3
user_17,82TT002BFE,1
user_17,NX.EGNEF.007,4
user_17,6D6Y7EA-8,5
user_17,AS040CL0748B0NAFAMZ,2
user_17,601F4EA-16,3
user_17,DE014CL1IBWKSNAFAMZ,5
user_17,LE018CL0YWM70NAFAMZ,2
user_17,6L9J7EA-32G,5
user_17,5P7W7ES,2
user_18,82H8039KFG,4
user_18,82KU00J6FG-12,5
user_18,6U7Y0EA-12,1
user_18,X515JA-EJ2134W-20,1
user_18,V3520I5-24,3
user_18,LE018CL0N1WB8NAFAMZ,3
user_18,82KB00SJFE-8,2
user_18,HP017CL06INRGNAFAMZ,4
user_18,81DE00YPFG,5
user_18,82KU01DYFG-12,1
user_18,DE014CL0O40RKNAFAMZ,5
user_18,X415EA-BV600T-24,2
user_18,NX.H4CEF.025-8,5
user_18,LE018CL15LW5GNAFAMZ,2
user_19,NX.AT9EF.002-12,5
user_19,GU603ZM-LS001W,2
user_19,82TT002NFE-16,2
user_19,82H802CTFG-20,3
user_19,LE018CL1JL7R0NAFAMZ,5
user_19,X1502ZA-EJ1634W-12,5
user_20,82TT002BFE-16,4
user_20,82NB003SFE-12,3
user_20,9s7-16s811-033-16,5
user_20,886J7EA-24,2
user_20,455Z8EA,3
user_20,9S7-158422-222,1
user_20,X1502ZA-EJ674W-20,2
user_20,NX.ACWEF.00H,3
user_20,TM420UA-EC046,3
user_20,NX.H4CEF.025-16,5
user_20,X515EP-BQ358W-12G,1
user_20,20VD00EAFE-16G,1
user_20,6U7Y0EA-16,1
user_21,20Y6S1H100,5
user_21,LE018CL0WKDSCNAFAMZ,5
user_21,9S7-158422-222-24,3
user_21,82H8020XFG,1
user_21,V3520-I5-256SSD-4G,1
user_21,6U7Y0EA-24,5
user_21,601C1EA-16,3
user_21,N6501VN3500EMEA01-12-W10,5
user_21,X1502ZA-EJ727W-20,5
user_21,V3520-I3-256SSD-12G,5
user_21,2R0M5EA-12G,2
user_21,81W101HLFG-2Y-20,3
user_21,LE018CL0PJTT8NAFAMZ,5
user_21,AP009CL1ASLLONAFAMZ,1
user_21,81W101HLFG-2Y-20,3
user_21,82C500T8FE,4
user_21,2R0M6EA-8G-256SSD,1
user_21,82NB000HFE-256SSD,4
user_21,82YU0044FE,4
user_22,3511I5-3000-24,1
user_22,82KU01DYFG,1
user_22,NX.VPREF.004-24,5
user_22,9S7-158422-222-32,2
user_22,LE018CL14UY8SNAFAMZ,1
user_22,G5MF-32go,3
user_22,6L9J6EA-32,3
user_22,81DE00YPFG-12,5
user_22,21JG000BFE,4
user_22,81W101HLFG-2Y,3
user_22,81WE01AXFE-24,3
user_22,2R0M6EA-20,1
user_22,AL330CL0MUXB4NAFAMZ,5
user_22,6Q866ES,2
user_22,LE018CL0BWLJWNAFAMZ,2
user_22,82TT0010FE-16,1
user_22,HP017CL0FPRIKNAFAMZ,2
user_22,5540I51Y-512-32,2
user_22,V3520I52G,2
user_22,2U2M4EA-24,2
user_23,82KU01DYFG-12,1
user_23,AP009CL0X61SWNAFAMZ,1
user_23,NX.VPREF.004-12,5
user_23,N6501VN3500EMEA01-24,4
user_23,GF63-12UCX-682XFR,4
user_23,4L0A8EA,2
user_23,N6501VN3500EMEA01-12-W10,1
user_23,DE014CL15QWPGNAFAMZ,5
user_23,82KU01DXFG-12,4
user_23,GF63-12VF-413XFR,1
user_23,82H803SYFG-12,2
user_23,3510-i5-16G,3
user_23,9s7-155266-1021-16,3
user_23,N6501VN3500EMEA01-24-W10,3
user_23,LE018CL0J7MOSNAFAMZ,1
user_23,82NB003SFE-12,2
user_23,21E600A0FE,1
user_23,3540-I5256-16,1
user_24,NX.EGHEF.00A,1
user_24,82RK00QGFG,4
user_24,82TT0010FE,2
user_24,NX.EGHEF.00D,2
user_24,HP017CL1NGWASNAFAMZ,3
user_24,MKGP3FN-A,3
user_24,32P03EA-8,5
user_25,81W101LJFG-2Y-20,1
user_25,V3525-RYZEN5-12,1
user_25,82TT002NFE-24,1
user_25,HP017CL0CR8VCNAFAMZ,4
user_25,81W101HLFG-2Y-12-W10,2
user_25,82RK00UJFG-12,1
user_25,UX3402ZA-KM048W,5
user_25,X1502ZA-EJ1634W-12,1
user_25,32P03EA-W10,2
user_25,32P03EA,4
user_26,2R0N0EA-8-256,5
user_26,82H8039KFG,3
user_26,81WQ00GYFG-12G,2
user_26,X1502ZA-EJ1634W-20,5
user_26,6L9J6EA,1
user_26,NX.AT6EF.001-12,2
user_26,MS198CL0T4OUSNAFAMZ,2
user_26,3540-I7-512-16,3
user_26,81WQ00GYFG-256ssd,5
user_26,UM425UA-KI167R,1
user_26,A11MU-1021FR,4
user_27,UX5401ZA-L7052W,2
user_27,82C30009FE-Win10P,4
user_27,6D861EA-24G,4
user_27,NX.AT3EF.002,5
user_27,82H802LLFG-8,2
user_27,82NB000HFE-8,1
user_27,NX.H4CEF.025-20,5
user_27,82H802LLFG-20,1
user_27,886K5EA,5
user_27,NX.AT3EF.002-20,2
user_27,LE018CL1JVY8WNAFAMZ,4
user_27,81W101HLFG-2Y-12,4
user_27,6L9K4EA,2
user_27,81H7001BFG,2
user_28,82C500T8FE-20,2
user_28,X515EP-BQ358W-24G,5
user_28,4Z1J2ES,5
user_28,601C1EA-12,5
user_28,82TT0010FE-16,4
user_28,X515EP-BQ398W-12,3
user_28,NX.EGHEF.00A,3
user_28,27K10EA-12,3
user_29,GF63-12UCX-682XFR-24G,2
user_29,82TT0010FE-24,3
user_29,6D6Y2EA-32,3
user_29,2R0M6EA-20,1
user_29,6U7X9EA-32,2
user_29,V3520I5-16,3
user_29,X1502ZA-EJ428W,3
user_29,2R0N0EA-12,4
user_29,886K7EA,1
user_29,6L9K2EA-24G,2
user_30,X515EP-BQ358W-24G,2
user_30,20VE00EGFE,1
user_30,2R0N0EA-12,3
user_30,82TT00JKFE,1
user_30,82KU01DXFG-12,5
user_30,455Z7EA-32,3
user_30,UX5401ZA-L7052W,3
user_30,X1502ZA-EJ087W,3
user_31,82NB000HFE-12,1
user_31,6F997EA,4
user_31,81W101HLFG-2Y-12,4
user_31,DE014CL0JEN04NAFAMZ,1
user_31,HP017CL0CCB50NAFAMZ,1
user_31,6F7Z2EA,4
user_31,6D6Y7EA-16,5
user_31,6L9K2EA-16G,1
user_31,81WE01AXFE-8,3
user_31,6D861EA-24G,1
user_31,AC008CL12KAXONAFAMZ,3
user_32,V3520I5-20,4
user_32,3500-I5,1
user_32,9s7-155266-1021-16,5
user_32,LE018CL11GHWSNAFAMZ,5
user_32,9s7-155266-1021-32,3
user_32,LE018CL08HW44NAFAMZ,2
user_32,NX.EGNEF.007-8,3
user_32,3500-I5-12go,4
user_32,81W101HLFG-2Y-20,4
user_32,NX.AT6EF.001-12,5
user_32,3510-i5-16G,4
user_32,82NB000HFE-256SSD-8,2
user_32,82C500T8FE-256SSD,5
user_32,82NB000HFE-8-256,4
user_32,82TT002NFE-12,2
user_32,5540I51Y-512,3
user_32,GU603ZE-LS001W-24,4
user_33,GU603ZM-LS001W,2
user_33,6Q844ES-12,4
user_33,6D6Y1EA,4
user_33,N6501VN3500EMEA01-8,2
user_33,9S7-17L352-086,3
user_33,20VE0080FE-8,5
user_34,HP017CL14K84SNAFAMZ,4
user_34,27K10EA,3
user_34,82H800SXFE,2
user_34,Aorus-15X-ASF,4
user_34,MODERN15-1021FR-24,2
user_34,82NB003SFE-12,4
user_34,6Q866ES,5
user_34,32P03EA-8-256,4
user_34,6D6Y7EA-8,1
user_34,3511I5-3000-16,1
user_34,DE014CL0JEN04NAFAMZ,1
user_34,6Q867ES-16,4
user_34,3540-I7-512-24,5
user_34,V3520I7,1
user_34,6F997EA,1
user_34,82TT002BFE,4
user_34,V3520-I5-256SSD-8G,5
user_34,G5MF,5
user_35,DE014CL13O1EWNAFAMZ,5
user_35,735895-3510,1
user_35,X515EP-EJ737W-8,5
user_35,A11MU-1021FR,4
user_35,6D861EA,4
user_35,AS040CL12E7SSNAFAMZ,3
user_35,82YU0044FE,2
user_35,M6500QB-HN020W,4
user_35,455Z8EA,4
user_35,N6501VN3500EMEA01-24-W10,1
user_35,G5KF-24go,4
user_35,20VE00DWFE-16G,1
user_35,2Q9G5EA-ssd256-w10,1
user_35,601K5EA-32-256,4
user_36,21E6009BFE,1
user_36,82YU0044FE,5
user_36,MLY43FN/A,2
user_36,82TT002BFE-24,3
user_36,6E1D2EA,1
user_36,2RK00QJFG-12G,4
user_36,81H7001BFG,1
user_36,N1807PVNB3530EMEA01,2
user_36,GF63-12UCX-682XFR-24G,3
user_36,2R0M5EA-20G,2
user_36,6L9K4EA-20,3
user_36,GF63-12UCX-682XFR-16,2
user_36,G5KF-32go,4
user_36,AP009CL0TT8CCNAFAMZ,5
user_36,X515FA-BR204W,5
user_36,V3520I5-12,2
user_36,NX.H4CEF.025-8,1
user_37,GF63-12VF-414XFR-32G,2
user_37,LE018CL0PJTT8NAFAMZ,2
user_37,MNW83FN/A,4
user_37,X515JA-BR3991W-12,1
user_37,MLY33FN/A,4
user_37,N6501VN3500EMEA01-12-W10,3
user_37,21E6009BFE-16,4
user_38,6L9K4EA-20,1
user_38,81H7001BFG,2
user_38,82KU01Q7FG,3
user_38,82H803SYFG-16,3
user_38,X1502ZA-EJ1634W-12,1
user_38,21E600A3FE-16,2
user_38,2R0M5EA-16,3
user_38,5530-I5-256,4
user_38,32P03EA-16,2
user_38,LE018CL0E5ODONAFAMZ,4
user_38,X515EP-BQ358W-16G,3
user_38,81WE01AXFE-32,2
user_38,LE018CL1EJ8TONAFAMZ,2
user_39,DE014CL0EVNKCNAFAMZ,4
user_39,GF63-12UCX-681XFR,5
user_39,81WQ00GUFG,5
user_39,TM420UA-EC046-20,5
user_39,X1502ZA-EJ1634W,1
user_39,27K10EA-12,1
user_39,82XQ00BQFG,2
user_39,81W101HLFG-2Y-12-W10,2
user_39,DE014CL0D3BZ8NAFAMZ,2
user_39,2R0M5EA-24G,5
user_39,6L9J7EA,1
user_39,X515EP-BQ398W-12,2
user_40,6D6Y2EA-24,2
user_40,X1502ZA-EJ1634W-12,2
user_40,886K6EA-16,5
user_40,5Y3T3EA-16,1
user_40,2R0M5EA-24G,5
user_40,82TT0028FE-8,2
user_40,81W101LJFG-2Y-20,2
user_40,N6501VN3500EMEA01-16,2
user_40,MODERN15-1021FR-12,4
user_40,6U7Y0EA-24,5
user_40,X1502ZA-EJ1634W-8,1
user_40,B12VGK-636XFR,4
user_40,5540I51Y-512-32,3
user_40,82KU01Q7FG-8,2
user_40,82RK00UGFG-12,4
user_40,X1502ZA-EJ428W-12,5
user_40,9s7-155266-1021-24,3
user_40,LE018CL0UY9YSNAFAMZ,2
user_40,N6501VN3500EMEA01-8,5
user_41,82H8020XFG,4
user_41,TM420UA-EC046,3
user_41,82RK00UGFG,2
user_41,81W101HLFG-2Y-20-W10,3
user_41,R1605PA-MB169W,5
user_41,NX.EGNEF.007-12,1
user_41,82H802LLFG-8,4
user_41,82RK00UJFG-12,3
user_41,BOHRD-WDI9A,3
user_41,82NB003SFE-12,2
user_41,LE018CL0W2M1SNAFAMZ,5
user_41,9s7-16s811-033-32,4
user_41,G5MF-16go,2
user_41,82TT002NFE-16,1
user_41,X1502ZA-EJ087W-16,3
user_41,GU603ZM-LS001W,5
user_41,N6501VN3500EMEA01-W10,4
user_41,21E600A0FE,3
user_41,32P03EA-8-256,3
user_42,6D6X9EA,3
user_42,82C2000YFE,5
user_42,LE018CL0YWM70NAFAMZ,4
user_42,N6501VN3500EMEA01-24-W10,4
user_42,27K10EA-12,1
user_43,NX.H4CEF.025-20,1
user_43,V3520I5-16,3
user_43,90NR0675-M00210-16,3
user_43,MODERN15-1021FR-20,2
user_43,NX.EGNEF.007-20,4
user_43,32M79EA-8G,5
user_43,886J0EA,1
user_43,N6501VN3500EMEA01-16,1
user_43,82TT002BFE-24,5
user_43,82TT002BFE-12,3
user_43,V3520I5,1
user_43,6Q844ES-12,5
user_43,82NB000HFE-8,1
user_44,5Y3T8EA-16,2
user_44,HP017CL0CR8VCNAFAMZ,1
user_44,82TT002BFE,1
user_44,81WE01AXFE-20,3
user_44,G5KF-32go,1
user_44,V3520I5-8,3
user_44,82H802M4FG-12G,5
user_44,455Z5EA,2
user_44,BOB-WAI9Q,5
user_44,V3525-RYZEN7-24,3
user_44,6L9J6EA-32,1
user_44,82NB000HFE-8,1
user_44,LE018CL11GHWSNAFAMZ,4
user_45,B1500CEAE-BQ2851-12,4
user_45,82RK00QGFG-16,2
user_45,81WE01AXFE-256SSD,4
user_45,82KU01DXFG,1
user_45,9s7-14j112-001-24,4
user_45,6L9J9EA-24,1
user_45,82K101HDFG-32,3
user_45,LE018CL08HW44NAFAMZ,5
user_45,898D3EA,1
user_45,82KB0016FE,1
user_45,82TT0028FE-8,3
user_45,B1500CBA-BQ0757,1
user_46,6D6Y3EA,5
user_46,82KU01Q7FG,1
user_46,DE014CL0IOROCNAFAMZ,1
user_46,6D6Y3EA,4
user_46,LE018CL0JD1WKNAFAMZ,1
user_46,X515FA-BR204W,1
user_46,21BSS4QW00,4
user_46,82KR001HFE-2Y-12-W10,2
user_46,6F7Z4EA,4
user_46,5510G15-I5-16G,1
user_46,DE014CL0D3BZ8NAFAMZ,5
user_46,6L9K2EA-16G,2
user_46,6D6Y2EA-16,1
user_46,53A18EA,3
user_46,82C2000YFE,3
user_46,82RK00QGFG-16,5
user_46,82H802CTFG-12,5
user_46,82TT002NFE-12,2
user_46,82KU01DYFG-20,2
user_46,HP017CL14K84SNAFAMZ,2
user_47,81W101HLFG-2Y-W10,3
user_47,4L0A8EA,1
user_47,5530-I7,2
user_47,LE018CL120Y3KNAFAMZ,3
user_47,NX.VPREF.004,2
user_47,82NB003SFE,2
user_47,82TT002NFE-12,4
user_47,A11MU-1021FR,3
user_47,NX.HS7EF.00P-20,4
user_48,20VK006AFE,1
user_48,21E600A3FE-16,1
user_48,N6501VN3500EMEA01,3
user_48,X1502ZA-EJ727W,3
user_48,82KB0016FE,3
user_48,81W101HLFG-2Y-20-W10,3
user_48,82H800VJFE,4
user_48,UM5401QA-KP243W,3
user_48,82TT002NFE-16,5
user_48,81W101HLFG-2Y-20,1
user_48,V3520-I5-256SSD-4G,5
user_48,LE018CL04OAESNAFAMZ,3
user_49,81W101HLFG-2Y-20-W10,3
user_49,6D6Y7EA,5
user_49,82RK00QGFG-12,2
user_49,81W101LJFG-2Y-20,3
user_49,3510-i5-vost-16G-256SSD,3
user_49,AP009CL1ASLLONAFAMZ,1
user_49,6U7Y0EA-24,3
user_49,HP017CL08CX0WNAFAMZ,4
user_50,601C1EA-24,1
user_50,NX.VPREF.004-24,1
user_50,MGNA3FN/A,1
user_50,2R0M6EA,5
user_50,6D6Y0EA,5
user_50,6D6Y7EA-16,1
user_50,DE014CL0SXF7CNAFAMZ,1
user_50,X515FA-BR204W-8,2
user_50,V3520-I5-512SSD-8G,1
user_50,82KU01DXFG,3
user_50,X515FA-BR204W-20,4
user_50,X1502ZA-EJ428W-16,1
user_50,X515FA-BR204W-12,2
user_50,2R0M5EA-12G,4
user_51,82H802LLFG-12,4
user_51,V3520-I5-256SSD-20G,5
user_51,LE018CL17ZA5CNAFAMZ,2
user_51,HP017CL14K84SNAFAMZ,4
user_51,LE018CL0BWLJWNAFAMZ,5
user_51,X515EP-BQ549W-16G,3
user_51,6Q879ES,1
user_51,6Q843ES-16,2
user_51,GF63-12UDX-213XFR-32G,3
user_51,6D6Y2EA-32,3
user_51,LE018CL14UY8SNAFAMZ,4
user_51,NX.H4CEF.025,4
user_51,6E1D2EA,2
user_51,81W101LJFG-2Y-20,1
user_51,N6501VN3500EMEA01-8,4
user_51,81W101HLFG-2Y-20,2
user_51,A11MU-1021FR,5
user_51,6U7Y0EA-32,3
user_52,X1502ZA-EJ087W-16,1
user_52,UM425UA-KI167R,5
user_52,20VE016VFE-8,3
user_52,6L9K4EA-20,3
user_52,V3525-RYZEN5-24,4
user_52,AORUS-15-BKF,1
user_52,81W101LJFG-2Y-W10,3
user_52,HP017CL08CX0WNAFAMZ,1
user_52,GF63-12UCX-681XFR-16,1
user_52,NX.EGHEF.00A,5
user_52,82H802CTFG-12,4
user_52,GV301RC-LJ004W-16,3
user_52,G15-5530-I7-3Y-24,1
user_52,82TT002BFE-12,1
user_52,MNEP3FN/A,4
user_53,MODERN15-1021FR-12,2
user_53,N6501VN3500EMEA01,2
user_53,6L9J9EA-24,2
user_53,DE014CL0D3BZ8NAFAMZ,3
user_53,82TT002BFE-12,4
user_54,N6501VN3500EMEA01,5
user_54,82TT002NFE-16,5
user_54,82TT002NFE,2
user_54,LE018CL0MUGHKNAFAMZ,2
user_54,AS040CL1KV62KNAFAMZ,3
user_54,21E300A5FE-16,4
user_54,2R0M6EA-16,5
user_54,LE018CL0PVVJ4NAFAMZ,3
user_54,V3530I3,4
user_54,82NB000HFE-256SSD,1
user_54,82KU01Q7FG,5
user_54,81DE00YPFG,5
user_54,V3520I5-20,3
user_54,81WQ00GYFG-12G,4
user_54,53A18EA-12,2
user_55,6Q834ES,1
user_55,12UCX-216XFR,4
user_55,3540-I7-512-16,2
user_55,82RK00QGFG,4
user_55,X515EP-BQ601W,2
user_55,5P7W8ES,3
user_56,20VK006AFE,3
user_56,82KU01DXFG,5
user_56,735888-1035G1-32,1
user_56,82YU0044FE,1
user_56,5540I51Y-512,1
user_56,82KU00J6FG,1
user_56,6L9K4EA-24,3
user_56,v3400i5-256,2
user_56,I5-1035G1-16,5
user_57,LE018CL0VI5V0NAFAMZ,3
user_57,82TT002GFE-20,4
user_57,9s7-155266-1021-24,1
user_57,82H802CTFG-20,4
user_57,82TT002BFE-12,1
user_57,X515EP-BQ358W,5
user_57,82S9013HFG,4
user_57,GF63-12VF-414XFR,3
user_57,81W101LJFG-2Y,1
user_57,MS198CL0T4OUSNAFAMZ,3
user_57,6Q844ES-24,2
user_57,82TT0010FE,4
user_57,G15-5530-I7-3Y-24,3
user_57,GA401QC-K2123W,5
user_57,DE014CL10WM0KNAFAMZ,3
user_57,886K4EA-16,1
user_57,N6501VN3500EMEA01-8-W10,3
user_57,21C4S59800,2
user_57,6L9K4EA-12,2
user_58,M1702QA-AU014W-12,3
user_58,TUF506HEB-HN150T,4
user_58,D415DA-BV873T-8-512,1
user_58,2R0M6EA-8G-256SSD,5
user_58,X1502ZA-EJ428W-12,2
user_58,X515EP-BQ369W-24,1
user_58,6L9J7EA-32G,1
user_58,2R0N0EA-8G-512SSD,3
user_58,9S7-15HK12-077,2
user_58,GF63-12UCX-216XFR,4
user_58,NX.ACWEF.00H,3
user_58,5510G15-I5,5
user_58,N6501VN3500EMEA01-1T+256SSD,4
user_59,32P03EA,4
user_59,V3520-I5-256SSD-12G,3
user_59,BOB-WAI9Q,5
user_59,6U7X9EA-12,3
user_59,X515EP-EJ737W-8,5
user_59,2X7X3EA,5
user_59,27K10EA,5
user_59,82TT0010FE-16,1
user_59,X415EA-BV600T,1
user_59,V3520I5,4
user_59,6L9J6EA-24,1
user_59,LE018CL0J4HVONAFAMZ,5
user_60,LE018CL024N10NAFAMZ,5
user_60,GF63-12VF-414XFR-32G,2
user_60,82XQ00BQFG,3
user_60,81W101LJFG-2Y-20,1
user_60,82KR001HFE-2Y,2
user_60,6L9J9EA,2
user_60,82C30009FE,4
user_60,82H802CTFG-20,2
user_60,81W101HLFG-2Y,5
user_60,21B6S1LL00,4
user_60,82H802CTFG-20,5
user_60,AP009CL134WG4NAFAMZ,3
user_61,82RK00UGFG,3
user_61,82TT0010FE-24,4
user_61,MODERN15-1021FR-12,3
user_61,DE014CL13A2EKNAFAMZ,5
user_61,LE018CL0J7MOSNAFAMZ,5
user_61,81W101LJFG-2Y,2
user_61,6F875EA-16,2
user_61,82S9013HFG-32G,3
user_61,82TT0010FE-12,4
user_62,82TT0010FE,2
user_62,3520I5V,5
user_62,82KU01DXFG-12,2
user_62,NX.H4CEF.025,5
user_62,600R3EA,4
user_62,A11MU-1021FR,2
user_62,X1502ZA-EJ428W-12,3
user_62,32M77EA,2
user_62,3511I5-3000-16,4
user_62,32M79EA-8G,5
user_62,81WE01AXFE-256SSD,3
user_62,I5-1035G1-16,4
user_62,X1502ZA-EJ087W,2
user_62,AS040CL02ZWSSNAFAMZ,4
user_62,6D6Y7EA,2
user_62,LE018CL0VPPGSNAFAMZ,2
user_62,6L9J9EA,4
user_62,6D6Y7EA,4
user_63,V3520-I5-512SSD-8G,1
user_63,V3400I5-4G,2
user_63,HP017CL0FPRIKNAFAMZ,5
user_63,3510-i5-vost-16G-256SSD,2
user_63,27K10EA-12,3
user_63,82KU01Q7FG,4
user_63,82NB000HFE,3
user_63,LE018CL0PM8DWNAFAMZ,5
user_63,3510-I5,2
user_63,20VE000MFE,5
user_63,2R0N0EA-32G,2
user_63,AC008CL12KAXONAFAMZ,5
user_63,9s7-16s811-033-8,1
user_63,GF63-12UCX-682XFR-32G,4
user_63,V3520I5-20,4
user_63,15A12VE-463XFR-32,1
user_63,LE018CL0PVVJ4NAFAMZ,5
user_63,6D861EA,3
user_63,X515EP-BQ358W,1
user_64,NX.EGHEF.00D,2
user_64,AL330CL0MUXB4NAFAMZ,2
user_64,82KB0016FE-16,1
user_64,X712EQ-AU094W,2
user_64,82TT0010FE-12,5
user_64,HP017CL1MYYGSNAFAMZ,4
user_64,82KU01DXFG-20,2
user_64,90NR0675-M00210-32,1
user_64,NX.AT3EF.001-20,4
user_64,V3400I5-8,2
user_64,V3520I5-12,1
user_64,20VE000MFE-16,2
user_64,X515EP-BQ369W-24,5
user_65,X1502ZA-EJ087W,1
user_65,UX5401ZA-L7052W,5
user_65,V3525-RYZEN5-16,5
user_65,AORUS-15-BSF,4
user_65,2R0N0EA-16,2
user_65,V3520-I5-256SSD-20G,1
user_65,82TT002NFE,3
user_65,V3520-I5-256SSD-4G,1
user_65,32M60EA-20,2
user_65,6F993EA,1
user_65,V3525-RYZEN5,5
user_65,BSF-73FR994SO,3
user_65,82KB00YXFE-8,2
user_65,V3520I5-8,1
user_65,N6501VN3500EMEA01-8-W10,2
user_65,DE014CL1N8Q34NAFAMZ,2
user_65,82KR001HFE-2Y-W10,4
user_65,9s7-155266-1021-8,5
user_65,X1502ZA-EJ674W-8,3
user_65,G5MF-32go,1
user_66,82TT0010FE-12,4
user_66,V3520-I5-256SSD-8G,4
user_66,NX.AT6EF.001-20,2
user_66,NX.AT6EF.002-20,3
user_66,82C30009FE-128,4
user_66,X1502ZA-EJ1634W-12,5
user_66,82H8039SFG,4
user_66,82KB0016FE-24,2
user_66,82NB000HFE-12,2
user_66,82RK00QGFG-16,2
user_66,82NB000HFE-256SSD-8,4
user_66,NX.VPREF.004-12,2
user_66,21C4S59800,5
user_66,6L9K2EA-24G,5
user_66,N6501VN3500EMEA01-8-W10,5
user_66,X1502ZA-EJ428W,1
user_66,32M78EA,5
user_66,NX.HS7EF.00P,5
user_66,6Q866ES,5
user_66,X1605PA-MB038W,1
user_67,82TT002NFE-16,2
user_67,D415DA-BV873T-12,3
user_67,B9400CEA-KC0452R,1
user_67,82RK00UGFG-12,5
user_67,LE018CL11GHWSNAFAMZ,5
user_67,LE018CL0J4HVONAFAMZ,4
user_67,NX.EGNEF.007,1
user_67,R1605PA-MB169W,3
user_67,G5MF-32go,1
user_67,82NB000HFE,4
user_67,6U7Y0EA,5
user_67,G5KF-32go,1
user_67,886K4EA-16,1
user_67,9s7-17l422-082-32,1
user_67,6Q847ES,5
user_67,81WE01AXFE-24,1
user_67,V3510I5W11-8,3
user_67,82SF00FCFG,1
user_68,9s7-155266-1021-24,2
user_68,X1502ZA-EJ674W-8,5
user_68,6Q843ES-16,2
user_68,32M78EA,3
user_68,HP017CL08CX0WNAFAMZ,4
user_68,82RK00UJFG,5
user_68,AS040CL0TATJ8NAFAMZ,1
user_68,81W101LJFG-2Y,2
user_68,M1702QA-AU014W-16,5
user_68,6D6Y6EA,3
user_68,82C500T8FE-256SSD-12,1
user_68,AORUS-15-BKF,3
user_68,6Q834ES,4
user_68,898F4EA,3
user_69,82KU01DYFG-20,1
user_69,LE018CL0VI5V0NAFAMZ,2
user_69,S513EP-L11083W,2
user_69,82NB000HFE,5
user_69,D415DA-BV873T-20,1
user_69,9S7-158422-222-24,3
user_69,X415EA-BV600T,3
user_69,2R0M5EA-12G,3
user_69,M3502QA-MA098W,2
user_69,UM5401QA-KP243W,4
user_69,82TT002GFE,1
user_69,V3400I5-4G,4
user_69,82C500T8FE-20,1
user_69,82C30009FE-Win10P,4
user_70,82TT002BFE,4
user_70,9S7-158352-235,1
user_70,LE018CL0SYA58NAFAMZ,5
user_70,735895-3510,5
user_70,UX5401ZA-L7052W,3
user_70,82C30009FE-Win10P,5
user_71,X515JA-BR3991W,5
user_71,82KU00J6FG,5
user_71,B12UDXK-644XFR,3
user_71,82TT0028FE-8,1
user_71,82RK00QGFG-12,3
user_71,M3502QA-MA013W,3
user_71,6D6Y2EA,4
user_72,5P7W8ES,1
user_72,2R0M5EA-16,1
user_72,AP009CL08RA00NAFAMZ,3
user_72,X515EP-BR245T,4
user_72,90NR0675-M00210-32,5
user_72,N6501VN3500EMEA01,5
user_72,LE018CL0UFE6KNAFAMZ,1
user_72,455Z8EA,1
user_72,6U7Y0EA-32,4
user_72,82TT0028FE-8,5
user_72,GF63-12VF-413XFR-24G,2
user_72,82C500T8FE-256SSD,2
user_72,G15-5530-I7-3Y-24,5
user_72,6D6Y3EA,4
user_72,81WE01AXFE,4
user_72,9S7-158362-234,5
user_72,LE018CL0QLRMONAFAMZ,1
user_72,82C500T8FE-20,2
user_72,N6501VN3500EMEA01-12,2
user_72,V3530I3,4
user_73,81DE00YPFG-12,4
user_73,X1605PA-MB038W-12,3
user_73,V3400I5-12,2
user_73,6U7X9EA-32,1
user_73,V3520I52G-16,2
user_73,6D6Y7EA-8,5
user_73,MLY43FN/A,4
user_73,82H8039KFG,1
user_73,81H7001BFG,2
user_73,V3520I5-12,2
user_74,82TT002BFE-24,1
user_74,3520I5V,1
user_74,G15-5530-I7-3Y,3
user_74,6U7X9EA-24,1
user_74,V3520I5-12,5
user_74,AP009CL0X61SWNAFAMZ,4
user_74,LE018CL1JVY8WNAFAMZ,4
user_74,G5MF,2
user_75,82TT002BFE-12,3
user_75,MLXW3FN/A,5
user_75,81W101LJFG-2Y-20,1
user_75,6D6Y3EA,2
user_75,2Q9G5EA-512ssd-w10,2
user_75,82NB003SFE-20,1
user_75,82C500T8FE-256SSD-12,3
user_75,82KB00YXFE-12,5
user_75,NX.H4CEF.025-8,2
user_75,V3520I5-16,4
user_75,D415DA-BV873T,4
user_75,9S7-17L352-086-32,3
user_75,82NB000HFE,2
user_76,82KU01DXFG-12,3
user_76,886J7EA-16,4
user_76,X515EP-BQ358W,1
user_76,27K10EA,4
user_76,LE018CL1DXM74NAFAMZ,5
user_76,MGN73FN/A,1
user_76,82TT002BFE,3
user_76,5510G15-I5-16G,3
user_76,LE018CL0280SCNAFAMZ,2
user_76,82KU01E0FG,4
user_76,82C30009FE,5
user_76,LE018CL1GE2OSNAFAMZ,2
user_76,81DE00YPFG,1
user_76,2R0M5EA-32G,2
user_76,B9400CEA-KC0452R,1
user_76,9S7-15H112-060,4
user_77,21E600A3FE-16,1
user_77,V3520I52G-16,5
user_77,v3400i5-256,1
user_77,6Q844ES-16,1
user_77,2U2M4EA,3
user_77,N6501VN3500EMEA01-12,2
user_77,X515JA-BR3991W-8,5
user_77,6D6Y3EA-24,3
user_78,82C500T8FE-256SSD,4
user_78,LE018CL120Y3KNAFAMZ,1
user_78,NX.EGHEF.00A,2
user_78,32M60EA,1
user_78,6Q879ES,2
user_78,6D6Y7EA-8,2
user_78,X1502ZA-EJ428W-16,5
user_78,9s7-16s811-033-8,4
user_78,6D6W0EA,5
user_78,LE018CL15LW5GNAFAMZ,2
user_78,X1502ZA-EJ1634W-8,4
user_79,NX.AT6EF.001-20,5
user_79,82KB00SJFE,3
user_79,6D6Y3EA-12,3
user_79,20VK006AFE,4
user_79,21B1000PFE,5
user_79,5510G15-I5,5
user_79,81WE01AXFE-16,4
user_79,LE018CL11GHWSNAFAMZ,2
user_79,9S7-158422-222-24,2
user_79,886J7EA-32,3
user_79,6D6Y7EA-16,2
user_79,82TT002NFE-24,4
user_79,MNEH3FN/A,3
user_79,21E600A3FE-16,5
user_79,21JG000BFE,1
user_80,20VK006AFE,5
user_80,81W101HLFG-2Y-12,3
user_80,82TT002BFE-16,4
user_80,82XQ00BQFG,1
user_80,6U7X9EA-24,2
user_80,LE018CL0YWM70NAFAMZ,2
user_80,6U7X9EA-32,4
user_80,AS040CL0K02LWNAFAMZ,2
user_80,Aorus-15X-ASF-32,3
user_80,6L9K4EA,2
user_80,NX.EGHEF.00A,3
user_80,V3525-RYZEN5-24,1
user_80,82KU01DXFG,2
user_80,GF63-12VE-210XFR,5
user_80,6L9K2EA,5
user_80,N6501VN3500EMEA01-16,2
user_80,HP017CL14K84SNAFAMZ,5
user_80,81WQ00GYFG,3
user_80,82TT002GFE-12,5
user_81,20VD00EAFE-24G,1
user_81,82KU01Q7FG-8,2
user_81,TM420UA-EC224-8G,4
user_81,81WE01AXFE-256SSD,5
user_81,82H8039KFG,3
user_81,DE014CL13O1EWNAFAMZ,1
user_81,81W101LJFG-2Y-20,3
user_81,20VK006AFE,3
user_81,82KU01Q7FG,3
user_81,6L9K2EA-16G,3
user_81,82K101HDFG-32,4
user_81,6L9J9EA-16,3
user_81,DE014CL0IOROCNAFAMZ,2
user_81,MS198CL0T4OUSNAFAMZ,1
user_81,82RK00QHFG,3
user_81,6Q866ES-16,2
user_81,2R0M6EA-32,5
user_81,NX.ACSEF.00D,4
user_81,BOHRD-WDI9A,2
user_81,82TT002GFE-8,1
user_82,LE018CL0H1M1ONAFAMZ,1
user_82,82TT0010FE-16,5
user_82,82RK00QHFG,4
user_82,6L9K4EA-12,3
user_82,AC008CL12KAXONAFAMZ,1
user_82,X515JA-BR3991W-8,1
user_82,R1605PA-MB169W-24,1
user_82,82H802LLFG-12,1
user_82,82FG00QEFG,5
user_82,N1610PVNB3520EMEA0,5
user_82,82H802LLFG-12,2
user_82,886J0EA,4
user_82,82KB0016FE-16,3
user_82,NX.EGNEF.007-20,2
user_83,X1502ZA-EJ087W,4
user_83,81DE00YPFG,4
user_83,UX3402ZA-KM048W,5
user_83,82TT0028FE-12,4
user_83,NX.ACWEF.00H,1
user_83,6Q844ES-12,1
user_83,M3502QA-MA048W,4
user_84,82C2000YFE-256,3
user_84,MODERN14-001FR,2
user_84,AS040CL0K02LWNAFAMZ,5
user_84,DE014CL10WM0KNAFAMZ,5
user_84,82SF00FCFG,4
user_85,LE018CL0W2M1SNAFAMZ,2
user_85,27K10EA,4
user_85,B1500CEAE-BQ2848-12,4
user_85,D415DA-BV873T-8,2
user_85,X515JA-BR3991W-8,2
user_85,HP017CL17ZVR4NAFAMZ,3
user_85,HP017CL0OE2VONAFAMZ,5
user_85,N1610PVNB3520EMEA0,2
user_85,82S9013HFG-32G,4
user_85,82K101HDFG-32,3
user_85,886K4EA,1
user_86,X1502ZA-EJ674W,4
user_86,LE018CL08T6R0NAFAMZ,2
user_86,6D6Y2EA-16,1
user_86,NX.HS7EF.00P-8,5
user_86,MLXY3FN/A,1
user_86,3510-i5-16G,2
user_86,3511I5-3000-16,3
user_87,X1502ZA-EJ727W-12,2
user_87,MODERN15-1021FR-32,4
user_87,AS040CL05A2D0NAFAMZ,2
user_87,HP017CL1LO3I8NAFAMZ,2
user_87,NX.VPREF.004,4
user_88,82S9013HFG-32G,1
user_88,6D6Y2EA-24,2
user_88,82RK00QGFG-12,3
user_88,N6501VN3500EMEA01-W10,4
user_88,82KB0016FE-16,1
user_88,B12UDXK-644XFR,3
user_88,D415DA-BV873T-8-256,2
user_88,82TT002BFE-12,5
user_88,455Z8EA,2
user_88,6L9K4EA-12,1
user_88,N6501VN3500EMEA01-12-W10,5
user_88,21E600A0FE-16,5
user_88,GF63-12VF-413XFR-24G,4
user_88,886J7EA-32,2
user_88,3510-i5-16G,4
user_88,X543MA-GQAR21T-8,2
user_88,LE018CL08T6R0NAFAMZ,4
user_89,N6501VN3500EMEA01-8,5
user_89,82RK00UJFG-16,4
user_89,MLY33FN/A,3
user_89,53A18EA-12,1
user_89,NX.HS7EF.00P-16,1
user_89,LE018CL024N10NAFAMZ,4
user_89,6E1D5EA,3
user_89,GF63-12UCX-681XFR-24G,2
user_89,82NB000HFE-256SSD-8,1
user_89,V3530I3,1
user_89,LE018CL0QLRMONAFAMZ,1
user_89,82NB000HFE-8,3
user_89,82TT002BFE-12,1
user_89,NX.EGNEF.007,1
user_89,2R0N0EA-32G,4
user_89,82KU00J6FG,4
user_89,2U2M4EA-32,5
user_89,MLY43FN/A,1
user_90,601C1EA,2
user_90,898D5EA-16,5
user_90,81W101LJFG-2Y-20,2
user_90,NX.EGNEF.007,3
user_90,X1502ZA-EJ1634W-12,1
user_90,861923-5430,3
user_90,82TT002GFE,3
user_90,HP017CL13FQSWNAFAMZ,4
user_90,82NB000HFE-256SSD-8,2
user_90,2X7X3EA,5
user_90,NX.AT9EF.002,2
user_90,81WE01AXFE-256SSD,1
user_90,82C500T8FE-256SSD,5
user_90,2R0M5EA-32G,2
user_90,15A12VE-463XFR-24,3
user_91,N6501VN3500EMEA01-256SSD,2
user_91,82KU01Q7FG-12,2
user_91,5Y3T3EA-16,2
user_91,6U7Y0EA-16,2
user_91,M3502QA-MA114W,3
user_91,82C2000YFE,3
user_91,NX.AT6EF.002-20,2
user_91,MK183FN-A,3
user_91,82TT0028FE,2
user_91,81WQ00GUFG,3
user_91,455Z7EA-24,5
user_92,X515JA-BR3991W-12,2
user_92,V3525-RYZEN7,3
user_92,LE018CL1BK878NAFAMZ,5
user_92,898D3EA-16,4
user_92,27K10EA,5
user_92,82KU01DXFG-12,1
user_92,X515FA-BR204W-8,3
user_92,32M60EA-12,3
user_92,27K10EA,2
user_92,6D6Y7EA-8,4
user_92,NX.EGHEF.00A-12,1
user_92,NX.AT9EF.001,4
user_92,5Y3T3EA,1
user_92,21JG000BFE,1
user_93,82C500T8FE,4
user_93,HP017CL17ZVR4NAFAMZ,5
user_93,S513EP-L11085W,5
user_93,2Q9G5EA,5
user_93,NX.AT9EF.002,3
user_93,6U7Y0EA-12,3
user_93,82C500T8FE-20,1
user_93,NX.EGNEF.007-20,2
user_93,X515EP-BQ398W,4
user_94,9s7-16s811-033-16,4
user_94,81WE01AXFE-8,3
user_94,NX.H4CEF.025-20,2
user_94,X1502ZA-EJ727W-20,1
user_94,6D6Y2EA-24,1
user_95,HP017CL0FPRIKNAFAMZ,2
user_95,X1502ZA-EJ674W-8,1
user_95,6L9K4EA-12,4
user_95,81WQ00GYFG-256ssd,5
user_95,NX.HS7EF.00P-20,3
user_95,2R0M6EA-8G-256SSD,5
user_95,X515JA-BR3991W,5
user_95,5530-I5-512,1
user_95,D415DA-BV873T-8-512,1
user_95,20VE000MFE-24G,1
user_95,6D6Y1EA,1
user_95,82KB0016FE-16,3
user_95,M1702QA-AU014W,1
user_95,V3520I7,1
user_96,AS040CL0KA6NGNAFAMZ,3
user_96,82TT0028FE,2
user_96,81W101LJFG-2Y,4
user_96,GF63-12VF-413XFR-32Go,3
user_96,6F7Z3EA,4
user_96,6E1D2EA,1
user_96,82RK00QGFG-16,1
user_96,NX.AT3EF.002-256-20,5
user_96,82KU01DYFG-12,3
user_96,81W101HLFG-2Y-12,5
user_97,X515JA-BR3944W,2
user_97,6L9J7EA-16G,1
user_97,MNW83FN/A,2
user_97,X1502ZA-EJ727W-20,5
user_97,82KU01DYFG,1
user_97,GF63-12UDX-213XFR-32G,3
user_97,NX.EGHEF.00A,1
user_97,UX5401ZA-KN100W,5
user_97,82KB00SJFE,5
user_97,X1502ZA-EJ1634W-20,5
user_97,LE018CL0JD1WKNAFAMZ,1
user_97,X1502ZA-EJ1634W-8,5
user_97,82XQ00BQFG,1
user_97,82H802M4FG-12G,3
user_97,V3520I52G-16,1
user_97,NX.AT9EF.002,4
user_97,82NB000HFE-12-256,3
user_97,82TT002NFE-12,5
user_97,LE018CL18FNQCNAFAMZ,2
user_98,82TT0028FE-12,3
user_98,82KU01DXFG-12,5
user_98,GF63-12VF-413XFR-24G,2
user_98,82C30009FE-256SSD,4
user_98,82KB00YXFE-8,5
user_98,X515JA-BR3944W,1
user_98,82RK00UGFG-16,1
user_98,M1702QA-AU014W-12,5
user_98,V3525-RYZEN5-24,5
user_98,82NB000HFE-256SSD,5
user_98,455Z8EA,4
user_98,B12UDXK-644XFR,3
user_99,MS198CL0X785WNAFAMZ,1
user_99,81WQ00GUFG,4
user_99,82KU01E0FG,2
user_99,82TT002BFE-16,3
user_99,32M77EA-8G,5
user_99,9S7-158422-222,2
user_99,861923-5430,4
user_99,27K10EA-20,2
user_99,NX.AT3EF.001,2
user_99,V3525-RYZEN5-12,3
user_99,6L9J6EA,2
user_99,MODERN15-A11MU-884,4
user_99,82KU01DXFG-12,4
user_99,X1502ZA-EJ674W-12,2
user_100,32M79EA,3
user_100,6F997EA,4
user_100,82KU01DYFG-20,3
user_100,82KR001HFE-2Y-20-W10,1
user_100,GF63-12VF-413XFR-32Go,3
user_100,601C1EA-16,1
user_100,6D6Y7EA,2
user_100,21JG000BFE,3
user_101,GF63-12VF-414XFR,4
user_101,6D6Y6EA,1
user_101,LE018CL04OAESNAFAMZ,3
user_101,M3502QA-MA114W,3
user_101,DE014CL0EVNKCNAFAMZ,5
user_101,21E600A3FE,2
user_101,82KU01E0FG,1
user_101,3511I5-3000-16,4
user_101,32P03EA-W10,1
user_101,6U7X9EA,2
user_101,20VK006AFE,2
user_101,15A12VE-463XFR-32,5
user_102,601C1EA-12,1
user_102,NX.H4CEF.025-16,4
user_102,21B6S1LL00,5
user_102,6L9K2EA,2
user_102,455Z7EA-32,1
user_102,V3520I7,5
user_102,82SF00FCFG,4
user_102,DE014CL0ZZ050NAFAMZ,2
user_103,6L9K1EA-12Go,5
user_103,82XQ00BQFG,5
user_103,V3520-I3-256SSD,2
user_103,82H802LLFG,5
user_103,NX.AT3EF.002-256 Go,5
user_103,82KB00SJFE,1
user_103,NX.H4CEF.025-16,1
user_104,82C500T8FE-12,2
user_104,X1502ZA-EJ1634W-8,4
user_104,82TT002BFE-12,2
user_104,81W101HLFG-2Y-12-W10,4
user_104,NX.AT6EF.002-20,1
user_104,82NB000HFE-12,5
user_104,601F4EA-12,3
user_104,HP017CL1MYYGSNAFAMZ,4
user_105,V3525-RYZEN5,2
user_105,X1605PA-MB038W-12,2
user_105,82TT00JKFE,2
user_105,20VK006AFE,4
user_105,V3520I5-12,1
user_105,9s7-155266-1021-8,1
user_106,898D3EA-16,4
user_106,6U7X9EA-16,3
user_106,X1605PA-MB038W-12,2
user_106,81H7001BFG,5
user_106,81WQ00GWFG,3
user_106,82TT002BFE-12,4
user_106,3520I3V,3
user_106,GF63THIN-028F-24,1
user_106,6F7Z3EA,2
user_106,82H803SYFG-12,4
user_106,LE018CL0DTW5GNAFAMZ,3
user_106,82KR001HFE-2Y-12-W10,4
user_106,82KB0016FE-16,3
user_106,X1502ZA-EJ674W,5
user_106,5P7W7ES,2
user_106,6D6Y1EA,4
user_107,HP017CL0CR8VCNAFAMZ,5
user_107,20XWS2E800,2
user_107,G15-5530-I7-3Y-24,4
user_107,BOB-WAI9Q,2
user_107,MNW83FN/A,3
user_107,601C1EA-16,1
user_107,V3520I5-20,3
user_107,32P03EA-W10,3
user_107,6U7X9EA,4
user_107,32M78EA,4
user_107,81WE01AXFE-32,1
user_107,32P03EA-16,1
user_107,6U7Y0EA-16,4
user_107,X1502ZA-EJ428W-12,4
user_107,6L9K2EA-24G,5
user_108,82TT0028FE-8,5
user_108,v3400i5-256,2
user_108,6Q879ES,1
user_108,GF63-12VF-414XFR-32G,5
user_108,2U2M4EA,5
user_108,82H800VJFE,2
user_108,82TT002BFE-24,3
user_108,21E300AUFE-16,3
user_108,V3525-RYZEN5-24,3
user_108,V3520-I5-256SSD-4G,4
user_108,455Z7EA-32,2
user_109,21E300AUFE-16,1
user_109,6D6Y3EA,5
user_109,6L9K2EA-24G,3
user_109,82C30009FE-128,3
user_109,81WQ00GYFG-256ssd,5
user_109,2RK00QJFG-12G,1
user_109,601C1EA,1
user_109,886K7EA-16,3
user_109,X515EP-BQ398W,5
user_109,4L0E8EA,5
user_109,32P03EA-16,3
user_109,M3502QA-MA034W,4
user_110,HP017CL0F3RB4NAFAMZ,1
user_110,V3520I5,4
user_110,V3400I5-12,2
user_110,455Z7EA,2
user_110,D415DA-BV873T-8,2
user_110,X515EP-BR245T,1
user_110,15A12VE-463XFR-16,5
user_110,GA401QC-K2123W,4
user_111,NX.H4CEF.025,5
user_111,82SF00FCFG,1
user_111,82KU01DYFG-20,1
user_111,6U7Y0EA,2
user_111,82RK00UJFG,4
user_111,81H7001BFG,4
user_111,82C500T8FE,4
user_111,6D6Y2EA-12,4
user_111,X1502ZA-EJ428W-12,5
user_111,82NB003SFE,2
user_111,82KB00YXFE-12,5
user_111,82FG00QEFG,3
user_111,82KU01DYFG-20,1
user_112,AS040CL0K02LWNAFAMZ,5
user_112,82TT002GFE-8,5
user_112,455Z8EA,3
user_112,X515JA-BR3944W,3
user_112,9s7-16s811-033-24,2
user_112,6L9K2EA,5
user_112,N6501VN3500EMEA01-12,2
user_112,B1500CE-BQ2851,3
user_112,LE018CL11GHWSNAFAMZ,5
user_112,90NR0675-M00210-16,3
user_112,MGNE3FN/A,3
user_112,GF63-12UCX-216XFR,1
user_112,V3525-RYZEN5-12,3
user_112,LE018CL0DTW5GNAFAMZ,3
user_112,82C500T8FE-8,5
user_112,NX.EGNEF.007-8,1
user_113,X515JA-BR3991W-8,5
user_113,TUF506HEB-HN150T-32,1
user_113,20VE0080FE-8,4
user_113,X1502ZA-EJ428W-16,3
user_113,HP017CL1MYYGSNAFAMZ,2
user_113,X515EP-BQ398W,4
user_113,9s7-16s811-033-16,2
user_113,82NB003SFE,1
user_113,R1605PA-MB169W-12,3
user_113,21E600A3FE,3
user_113,82KB0016FE-12,1
user_113,DE014CL0ZZ050NAFAMZ,4
user_113,15A12VE-463XFR-32,3
user_113,AS040CL0K02LWNAFAMZ,3
user_113,AS040CL0FXG24NAFAMZ,1
user_113,NX.AT6EF.002,3
user_113,82KU01E0FG-20,1
user_113,455Z7EA-32,4
user_113,LE018CL1GZVY8NAFAMZ,5
user_113,2R0M5EA-24G,5
user_114,3511I5-3000,2
user_114,5540I51Y-512-32,4
user_114,X515EP-BQ358W-16G,1
user_114,V3525-RYZEN5,2
user_114,82TT002GFE,1
user_114,R1605PA-MB169W-12,1
user_114,M1702QA-AU014W-12,4
user_114,X543MA-GQAR21T-8,5
user_114,82KB0016FE,4
user_114,NX.VPREF.004-24,1
user_114,6U7Y0EA-16,1
user_114,V3520I5-16,4
user_114,NX.HS7EF.00P,3
user_114,82NB003SFE-12,1
user_114,82C30009FE-128,3
user_114,N1807PVNB3530EMEA01,4
user_114,81W101LJFG-2Y-W10,1
user_114,6D861EA-24G,2
user_115,6Q866ES,5
user_115,82C500T8FE-8,3
user_115,UM5401QA-KP243W,5
user_115,X1502ZA-EJ1634W,4
user_115,82C500T8FE-256SSD-12,1
user_115,6D861EA,1
user_115,G5 KD,2
user_115,82KR001HFE-2Y-20-W10,3
user_115,32M60EA-12,3
user_116,MGNA3FN/A,3
user_116,X515JA-EJ2134W-20,2
user_116,82NB003SFE-8,1
user_116,9s7-17l422-082-32,5
user_116,6D6Y3EA,2
user_116,MLY13FN/A,4
user_116,82C30009FE-256SSD,1
user_116,82C2000YFE-128,4
user_116,DE014CL10WM0KNAFAMZ,4
user_116,LE018CL11GHWSNAFAMZ,4
user_116,N6501VN3500EMEA01-16,4
user_116,20VD00EAFE,4
user_116,861923-5430,3
user_116,6Q866ES-16,4
user_116,3500-I5,2
user_117,20UVS2LS00,4
user_117,82C30009FE,2
user_117,GU603ZE-LS001W-24,5
user_117,82H802CTFG-12,3
user_117,LE018CL1J8S7WNAFAMZ,2
user_117,B1500CEAE-BQ2851-24,3
user_117,4Z1Q3ES,5
user_117,NX.H4CEF.025-20,3
user_117,81W101LJFG-2Y-12,3
user_117,6Q866ES-16,1
user_117,X1605PA-MB038W,4
user_117,6U7Y0EA-32,1
user_117,82TT002GFE-8,5
user_118,455Z7EA-16,5
user_118,2R0N0EA,3
user_118,82RK00QGFG-16,4
user_118,V3530I3,3
user_118,GF63-12UCX-681XFR-24G,5
user_118,TUF706HE-HX186W,2
user_118,82C500T8FE,1
user_118,MODERN15-1021FR-16,5
user_118,N6501VN3500EMEA01,2
user_118,2R0M6EA-24G,3
user_118,3510-i5-8G-1To-256SSD,5
user_118,6D6Y6EA,4
user_118,LE018CL0WKDSCNAFAMZ,2
user_118,DE014CL10WM0KNAFAMZ,5
user_118,82TT0010FE-16,4
user_118,82TT002GFE-8,3
user_118,X515EP-BQ369W-12,2
user_119,X1502ZA-EJ087W-16,3
user_119,M3502QA-MA013W,4
user_119,GF63-12VF-414XFR-32G,3
user_119,MNW83FN/A,5
user_119,27K10EA,3
user_119,HP017CL0LA1GWNAFAMZ,5
user_119,81W101LJFG-2Y-20,3
user_119,X515EP-BQ369W-12,4
user_119,81WQ00GYFG-12G,3
user_119,82TT002NFE,1
user_119,32M78EA-8G,3
user_119,82C500T8FE-256SSD-12,2
user_120,6U7Y0EA-32,3
user_120,82KR001HFE-2Y-12-W10,2
user_120,6F7Z3EA,5
user_120,LE018CL1GE2OSNAFAMZ,2
user_120,82XQ00BQFG,2
user_120,82NB003SFE-8,1
user_120,82RK00QHFG,3
user_120,6L9K4EA-16,3
user_120,X1605PA-MB038W,4
user_120,X515EP-BQ369W-16,1
user_120,81WQ00GWFG,1
user_120,82NB003SFE-12,3
user_120,82TT0028FE-8,5
user_120,NX.HS7EF.00P-8,3
user_121,NX.AT9EF.002,2
user_121,R1605PA-MB169W-24,2
user_121,2R0N0EA-12,1
user_121,V3520-I5-256SSD-4G,3
user_121,AS040CL0748B0NAFAMZ,5
user_121,X515EP-BQ358W-12G,3
user_121,82TT002NFE-12,4
user_122,6Q866ES-16,1
user_122,6D6Y7EA-8,4
user_122,2X7X3EA,3
user_122,X515EP-EJ737W-16,4
user_122,20VE000MFE,3
user_122,DE014CL10WM0KNAFAMZ,2
user_122,5P7W7ES,2
user_122,X1605PA-MB038W-12,5
user_122,UX3402ZA-KM048W,5
user_122,M1702QA-AU014W,2
user_122,LE018CL08HW44NAFAMZ,1
user_122,20VE0080FE-8,1
user_122,NX.VPREF.004-12,5
user_123,82TT002BFE,5
user_123,82C500T8FE,4
user_123,IN440CL1071C4NAFAMZ,1
user_123,53A18EA-12,3
user_123,X515EP-BQ601W-16G,1
user_124,82H802M4FG-12G,5
user_124,82NB000HFE-12,5
user_124,X515EP-BQ398W,3
user_124,82NB000HFE-12,2
user_124,82RK00QJFG,5
user_124,20VE000MFE,2
user_124,G5 KD,3
user_124,82C30009FE-Win10P,2
user_124,NX.HS7EF.00P-16,1
user_124,GF63-12VF-413XFR,5
user_124,NX.H4CEF.025-16,2
user_124,DE014CL10WM0KNAFAMZ,1
user_124,9S7-15HK12-077,3
user_124,S5602ZA-L2140W,1
user_124,82KU00J6FG,3
user_124,5Y3T8EA-16,3
user_125,GF63-12UCX-681XFR,1
user_125,82C500T8FE-256SSD-12,1
user_125,82RK00UGFG-16,3
user_125,2Q9G5EA-ssd256-w10,2
user_125,AS040CL02ZWSSNAFAMZ,1
user_125,82KB0016FE-24,3
user_125,82RK00QGFG-12,3
user_125,6D6Y2EA-16,3
user_125,82KR001HFE-2Y-20,4
user_125,MNW83FN/A,4
user_125,LE018CL1DXM74NAFAMZ,2
user_125,X515JA-BR3944W,5
user_126,6D6Y3EA,4
user_126,V3520-I5-256SSD-4G,1
user_126,886J7EA-24,4
user_126,82RK00UJFG-12,3
user_126,81W101HLFG-2Y-12-W10,2
user_126,6L9K4EA-20,5
user_126,LE018CL1GZVY8NAFAMZ,1
user_126,82H8039SFG,5
user_126,TM420UA-EC224,2
user_126,X515EP-BQ358W,4
user_126,X1502ZA-EJ428W,4
user_126,81W101HLFG-2Y-W10,3
user_126,TUF506HEB-HN150T,3
user_126,N6501VN3500EMEA01,5
user_126,6U7Y0EA-24,5
user_126,82TT002NFE,5
user_126,27K10EA-12,2
user_127,AS040CL12E7SSNAFAMZ,1
user_127,X712EQ-AU094W,5
user_127,6U7Y0EA,5
user_127,GF63-12UCX-681XFR-32G,3
user_127,82TT002GFE,3
user_127,X1502ZA-EJ1634W-20,1
user_127,X515EP-BQ676W,1
user_127,3500-I5-12go,3
user_127,DE014CL0D3BZ8NAFAMZ,5
user_127,82KB00YXFE-12,5
user_127,6D861EA,4
user_127,NX.HS7EF.00P-8,3
user_127,82KB0016FE-16,2
user_127,X1502ZA-EJ727W,1
user_127,53A18EA,3
user_127,LE018CL1GZVY8NAFAMZ,5
user_127,2R0M6EA-20,2
user_128,V3400I5-12,5
user_128,6U7Y0EA,3
user_128,6U7X9EA,2
user_128,2RK00QJFG-12G,3
user_128,6L9K4EA-20,1
user_128,20VE000MFE-12G,3
user_128,82NB000HFE-12,1
user_128,6D6X9EA,4
user_128,32P03EA-8-256,3
user_128,82C500T8FE-12,5
user_128,N6501VN3500EMEA01-24-W10,4
user_128,82H800VJFE,4
user_128,GU603ZE-LS001W-24,4
user_128,AL330CL0MUXB4NAFAMZ,2
user_129,3540-I5256-16,5
user_129,814485-3510,5
user_129,PRESTIGE15-033X,4
user_129,82KB00YXFE-8,3
user_129,S513EP-L11085W,2
user_130,LE018CL0E5ODONAFAMZ,5
user_130,21E600A0FE,1
user_130,X515EP-BQ369W-24,4
user_130,82TT0010FE-12,3
user_130,V3520-I5-256SSD-12G,5
user_130,6D6Y3EA-24,2
user_130,X1502ZA-EJ428W-16,3
user_130,LE018CL1EJ8TONAFAMZ,1
user_130,HP017CL0CR8VCNAFAMZ,1
user_130,LE018CL12HQCCNAFAMZ,4
user_130,21E600A3FE,3
user_130,M3502QA-MA048W,2
user_131,N1808PVNB3530EMEA01-16,4
user_131,20VE0080FE,4
user_131,3500-I5-16go,5
user_131,NX.H4CEF.025-8,5
user_131,GF63-12UCX-681XFR-16,1
user_131,MODERN15-1021FR-16,5
user_131,82TT002BFE,1
user_131,898D3EA,2
user_131,N6501VN3500EMEA03-8,5
user_131,82KB00YXFE-12,5
user_131,82C500T8FE-12,3
user_131,20VE000MFE-16,5
user_131,82NB000HFE-12-256,2
user_131,V3400I5-8,2
user_131,MS198CL0T4OUSNAFAMZ,1
user_132,NX.AT3EF.002,4
user_132,82RK00QGFG-12,1
user_132,81WE01AXFE-8-W10P,1
user_132,9S7-15H112-060,1
user_132,6D6Y6EA,4
user_132,D415DA-BV873T-8,1
user_132,82RK00QGFG,3
user_132,GV301RC-LJ004W,5
user_132,3510-i5-16G,5
user_132,X1502ZA-EJ087W-12,4
user_132,DE014CL1BP8R8NAFAMZ,5
user_132,82KU01E0FG-12,4
user_132,LE018CL0JNWC4NAFAMZ,1
user_132,21E600A3FE-16,3
user_132,82H8020XFG,4
user_132,FX517ZM-HN093W,2
user_132,X515FA-BR204W,2
user_132,82C500T8FE-8,4
user_132,81WQ00GYFG-12G,3
user_133,82H802LLFG-12,3
user_133,X1502ZA-EJ674W,1
user_133,81W101HLFG-2Y-W10,4
user_133,2Q9G5EA-ssd256-w10,3
user_133,P1512CEA-EJ1035W,1
user_133,LE018CL11GHWSNAFAMZ,1
user_133,LE018CL0UFE6KNAFAMZ,4
user_133,6F875EA-16,4
user_133,NX.AT3EF.002-256 Go,2
user_133,82TT002GFE-20,4
user_133,GU603ZE-LS001W-24,4
user_133,3510-i5-8Go-512ssd,1
user_133,X515EP-BQ601W,4
user_133,814485-3510,3
user_133,4Z1Q3ES,2
user_133,82TT002BFE-24,5
user_134,LE018CL0UY9YSNAFAMZ,3
user_134,9S7-158422-222-32,2
user_134,455Z7EA-16,4
user_134,601F0EA,2
user_134,82KU01DXFG-20,1
user_134,90NR0675-M00210-32,3
user_134,NX.AT9EF.002-12,1
user_134,DE014CL0JEN04NAFAMZ,4
user_134,15A12VE-463XFR-32,3
user_134,3511I5-3000-16,1
user_134,9s7-155266-1021-24,2
user_134,6Q834ES,3
user_134,82C2000YFE-128,5
user_134,82KU01DXFG-20,3
user_134,GU603ZM-LS001W,4
user_134,81W101LJFG-2Y-W10,5
user_134,82TT002BFE,5
user_134,V3520I5-20,5
user_134,GV301RC-LJ004W,2
user_134,LE018CL0J4HVONAFAMZ,2
user_135,2U2M4EA-16,1
user_135,LE018CL0WKDSCNAFAMZ,2
user_135,2R0M5EA-32G,4
user_135,X1502ZA-EJ1634W,3
user_135,LE018CL0YWM70NAFAMZ,4
user_135,X712EQ-AU094W,2
user_135,X1502ZA-EJ428W-12,4
user_135,82KR001HFE-2Y-20,5
user_135,82NB003SFE-8,1
user_135,886K4EA,5
user_135,Aorus-15X-ASF-32,2
user_135,G5MF-24go,2
user_135,6L9K4EA-16,3
user_135,TM420UA-EC046-12,2
user_135,2RK00QJFG-12G,2
user_135,V3520I5-24,4
user_135,V3530I3,2
user_135,898D3EA-16,2
user_135,82TT0010FE-12,5
user_135,82KU01DYFG-12,3
user_136,82TT002NFE,5
user_136,90NR0675-M00210-16,2
user_136,V3525-RYZEN5-12,3
user_136,2R0M6EA-16,5
user_136,82TT002GFE-20,2
user_136,X515EP-BQ358W-12G,3
user_136,Aorus-15X-ASF,4
user_136,BOB-WAI9Q,2
user_136,9s7-14j112-001-16,1
user_136,82KU00J6FG,5
user_136,AP009CL134WG4NAFAMZ,5
user_136,LE018CL18FNQCNAFAMZ,2
user_136,82KU01Q7FG-8,3
user_136,LE018CL0VI5V0NAFAMZ,4
user_136,NX.H4CEF.025-12,1
user_136,82H803SYFG-12,3
user_136,82KR001HFE-2Y-W10,2
user_136,32M79EA-8G,2
user_136,NX.AT3EF.002,2
user_137,861913-5430,2
user_137,V3525-RYZEN5,3
user_137,82NB003SFE-20,3
user_137,V3520I5-16,2
user_137,601F0EA,1
user_137,82TT002BFE,4
user_137,82RK00UGFG-16,4
user_137,82C500T8FE-12,4
user_137,V3520-I5-256SSD-20G,1
user_137,LE018CL0SYA58NAFAMZ,5
user_137,82TT0028FE,4
user_137,LE018CL0J7MOSNAFAMZ,2
user_137,21BSS4QW00,1
user_137,6U7Y0EA-24,5
user_137,6U7X9EA-12,2
user_137,3510-i5-8G-1To-256SSD,3
user_137,82TT0010FE-12,1
user_137,82C500T8FE-20,5
user_138,X515EP-BQ369W,4
user_138,90NR0675-M00210-32,2
user_138,LE018CL11GHWSNAFAMZ,3
user_138,601F4EA,3
user_138,I5-1035G1,5
user_138,LE018CL0PJTT8NAFAMZ,5
user_138,GF63-12VF-414XFR-24G,4
user_138,4Z1Q3ES,4
user_138,81WE01AXFE-256SSD,3
user_138,X1502ZA-EJ087W-12,4
user_138,81W101HLFG-2Y-20,3
user_138,N1807PVNB3530EMEA01-16,2
user_138,X1605PA-MB038W-12,4
user_138,6F875EA,5
user_138,6L9K4EA-16,4
user_138,81W101LJFG-2Y,5
user_138,82TT002BFE,5
user_139,3500-I5,4
user_139,MS198CL0X785WNAFAMZ,2
user_139,735895-3510,5
user_139,5530-I7,4
user_139,6D6Y7EA-8,4
user_139,NX.ACSEF.00D,3
user_139,GF63-12UCX-681XFR,1
user_139,6U7X9EA-32,4
user_139,9s7-155266-1021-32,2
user_140,R1605PA-MB169W-24,1
user_140,G15-5530-I7-3Y-24,4
user_140,6L9K4EA-12,3
user_140,6L9J9EA-16,5
user_140,X1502ZA-EJ428W-12,5
user_140,D415DA-BV873T,1
user_140,735888-1035G1-16,2
user_140,NX.AT3EF.001,5
user_140,82NB003SFE-12,5
user_140,V3520I7,2
user_141,X1502ZA-EJ428W-16,4
user_141,5510G15-I5-16G,1
user_141,X1502ZA-EJ428W-16,3
user_141,6Q879ES,5
user_141,MK183FN-A,3
user_141,D415DA-BV873T-8-512,1
user_141,M3502QA-MA114W,2
user_141,82H803SYFG-12,4
user_141,2RK00QJFG-12G,2
user_141,82RK00QGFG,1
user_141,82NB003SFE-20,1
user_141,20VE016VFE-8,3
user_141,53A18EA-12,5
user_141,DE014CL0EVNKCNAFAMZ,5
user_141,v3400i5-256,4
user_141,6F875EA-16-512,5
user_141,2R0M5EA-20G,3
user_142,814485-3510,4
user_142,32M79EA-8G,3
user_142,LE018CL0J7MOSNAFAMZ,1
user_142,5510G15-I5-16G,1
user_142,20VE0080FE-8,2
user_142,X515FA-BR204W,3
user_143,82H802LLFG-20,3
user_143,20UVS2LS00,1
user_143,82RK00UGFG-12,2
user_143,6L9K4EA,1
user_143,82C500T8FE-256SSD-12,5
user_143,LE018CL0MUGHKNAFAMZ,1
user_143,D415DA-BV873T,2
user_143,82K101HDFG,2
user_143,LE018CL17W744NAFAMZ,2
user_144,LE018CL0QLRMONAFAMZ,2
user_144,20VD00EAFE,3
user_144,82KU01DYFG-12,1
user_144,6Q834ES,2
user_144,LE018CL18YE44NAFAMZ,1
user_144,LE018CL08HW44NAFAMZ,4
user_144,886J7EA-24,4
user_144,AORUS-15-BSF-32,5
user_145,6U7Y0EA,4
user_145,2R0M6EA-8G-256SSD,2
user_145,LE018CL0YWM70NAFAMZ,1
user_145,V3525-RYZEN5,4
user_145,82NB003SFE-8,1
user_145,6F997EA,2
user_146,9s7-16s811-033-24,1
user_146,GF63-12UCX-681XFR,2
user_146,9S7-15H112-060,1
user_146,2Q9G5EA-512ssd-w10,4
user_146,X515EP-BQ358W-12G,1
user_146,AS040CL0TATJ8NAFAMZ,2
user_146,R1605PA-MB169W-16,3
user_146,NX.EGNEF.007-20,3
user_146,82C500T8FE-256SSD,2
user_146,LE018CL12HQCCNAFAMZ,4
user_147,HP017CL1NGWASNAFAMZ,2
user_147,PRESTIGE15-033X,2
user_147,32M60EA-12,3
user_147,NX.ACWEF.00H,1
user_147,6D6W0EA,3
user_147,AS040CL0K9DEONAFAMZ,3
user_147,82NB003SFE-8,4
user_147,V3525-RYZEN5-24,1
user_147,NX.VPREF.004,4
user_147,R1605PA-MB169W-12,1
user_147,MS198CL1D9S68NAFAMZ,1
user_147,82H800SXFE,3
user_147,V3520-I3-256SSD,1
user_147,N6501VN3500EMEA01-1T+256SSD,2
user_147,AP009CL08RA00NAFAMZ,2
user_147,81WE01AXFE-8-W10P,2
user_147,V3530I3,3
user_147,886J7EA-16,1
user_148,21E6009BFE,3
user_148,336H4EA,1
user_148,V3525-RYZEN5,1
user_148,X515EP-BQ358W-24G,2
user_148,MS198CL0Z30WKNAFAMZ,3
user_149,HP017CL1NGWASNAFAMZ,2
user_149,20VE0080FE-8,2
user_149,82KU01E0FG-12,4
user_149,MGND3FN/A,4
user_149,LE018CL18FNQCNAFAMZ,2
user_149,82SF00FBFG,2
user_150,AP009CL0X61SWNAFAMZ,1
user_150,3510-i5-8Go-512ssd,3
user_150,V3525-RYZEN5-24,3
user_150,X515EP-EJ737W-8,3
user_150,2R0M5EA,3
user_150,82NB000HFE,4
user_151,886K4EA-16,3
user_151,82K101HDFG,2
user_151,6U7Y0EA-16,3
user_151,6L9J7EA-32G,2
user_151,6D6Y0EA,5
user_151,X1502ZA-EJ674W,2
user_151,V3520I7,3
user_151,LE018CL1GZVY8NAFAMZ,3
user_151,20VD00EAFE,2
user_151,6L9K4EA,5
user_151,X515EP-BQ398W,5
user_151,X515JA-BR3991W-12,5
user_152,82RK00UGFG-12,3
user_152,N6501VN3500EMEA01-8-W10,5
user_152,82C500T8FE-8,2
user_152,LE018CL0QLRMONAFAMZ,1
user_152,V3520-I5-512SSD-20G,2
user_152,5540I51Y-512-16,4
user_152,21B1000PFE,5
user_152,HP017CL1LO3I8NAFAMZ,4
user_152,82NB000HFE-256SSD,1
user_152,82C30009FE-256SSD,3
user_153,6L9K1EA-12Go,2
user_153,20VE016VFE-8,2
user_153,82NB003SFE-8,2
user_153,X1502ZA-EJ428W-16,3
user_153,82H800VJFE,5
user_153,LE018CL1GE2OSNAFAMZ,5
user_153,AS040CL0JWAKONAFAMZ,4
user_153,V3520-I5-512SSD-20G,3
user_153,20VE000MFE-24G,2
user_153,N6501VN3500EMEA01-24,3
user_153,82KU01DYFG-12,5
user_154,AS040CL1KV62KNAFAMZ,1
user_154,MS198CL0N6CT0NAFAMZ,3
user_154,X1502ZA-EJ087W,3
user_154,NX.EGNEF.007-20,5
user_154,AP009CL08RA00NAFAMZ,3
user_154,21E600A0FE-16,3
user_154,2R0N0EA-20G,1
user_154,X1502ZA-EJ1634W,4
user_154,82TT0028FE-12,5
user_154,9s7-16s811-033-16,3
user_154,2R0M6EA-24G,4
user_155,X515EP-BQ369W-16,2
user_155,9s7-16s811-033-32,3
user_155,21E300AUFE,2
user_155,81W101HLFG-2Y-12-W10,3
user_155,20VE00EGFE-16G,4
user_155,LE018CL0BWLJWNAFAMZ,5
user_155,886K7EA,3
user_155,5510G15-I5-16G,3
user_155,NX.H4CEF.025-16,4
user_155,6U7X9EA-24,4
user_155,6U7X9EA-12,3
user_155,X1502ZA-EJ674W-8,2
user_155,81DE00YPFG-12,1
user_155,82KR001HFE-2Y-12,4
user_155,20VE000MFE-16,2
user_155,32M60EA-12,4
user_155,LE018CL0J7MOSNAFAMZ,4
user_155,27K10EA-16,4
user_155,20VE0080FE,4
user_156,82NB003SFE-20,3
user_156,886J0EA,3
user_156,B1500CEAE-BQ2851-40,1
user_156,NX.AT6EF.002-20,1
user_156,HP017CL06INRGNAFAMZ,4
user_156,3511I5-3000,3
user_156,N6501VN3500EMEA01-8,4
user_156,NX.H4CEF.025-20,2
user_156,LE018CL0VPPGSNAFAMZ,5
user_156,X1502ZA-EJ428W,4
user_156,6U7X9EA-24,5
user_156,6D6Y3EA-20,3
user_156,5530-I7-1Y-32,2
user_156,6D6Y7EA-8,3
user_156,M1702QA-AU014W,1
user_156,N6501VN3500EMEA03-8,1
user_157,82RK00QGFG,4
user_157,NX.VPREF.004,4
user_157,3500-I5-16go,2
user_157,M3502QA-MA114W,2
user_157,53A18EA,2
user_157,HP017CL17ZVR4NAFAMZ,4
user_157,v3400i5-256,3
user_157,82RK00UGFG-12,1
user_157,5530-I5-256,5
user_157,82NB000HFE-12,5
user_157,27K10EA-12,2
user_157,82RK00QGFG-16,4
user_157,82C500T8FE,1
user_157,82KR001HFE-2Y,3
user_157,82KB0016FE,2
user_157,82RK00UGFG-16,3
user_157,6J7Y8EA,2
user_158,82RK00UJFG-16,5
user_158,HP017CL1NGWASNAFAMZ,5
user_158,82KB00YXFE,1
user_158,AS040CL12E7SSNAFAMZ,5
user_158,82NB003SFE-8,4
user_158,FX517ZM-HN093W,5
user_158,82KB00YXFE-8,2
user_158,82KU01E0FG-20,5
user_158,D415DA-BV873T,3
user_158,3511I5-3000-32,1
user_158,82TT0010FE-16,5
user_158,82C500T8FE-20,2
user_158,600R3EA,1
user_159,X1502ZA-EJ428W-12,1
user_159,82C500T8FE,1
user_159,X515EP-EJ737W-8,5
user_159,DE368CL17OYUONAFAMZ,5
user_159,TM420UA-EC224-20G,2
user_159,455Z8EA,5
user_159,82K101HDFG,4
user_159,20VD00EAFE-16G,5
user_159,82H802CTFG-12,3
user_159,M5602QA-MB126W,3
user_159,21BSS3WP00,5
user_159,6F875EA-16,5
user_160,81W101LJFG-2Y-20,2
user_160,GA401QC-K2123W,3
user_160,4Z1Q3ES,3
user_160,V3510I5W11-8,3
user_160,82NB000HFE-12-256,4
user_160,UX5401ZA-L7052W,2
user_160,81W101LJFG-2Y-20,5
user_160,DE014CL192FY4NAFAMZ,2
user_160,NX.EGNEF.007-8,5
user_160,32M60EA-16,4
user_160,5P7W8ES,4
user_160,2U2M4EA-24,3
user_160,DE014CL15QWPGNAFAMZ,2
user_160,NX.VPREF.004-24,5
user_160,82RK00QGFG-16,2
user_160,AORUS-15-BKF,5
user_160,2Q9G5EA,5
user_160,V3520-I3-256SSD,1
user_160,NX.ACWEF.00H,5
user_160,81W101LJFG-2Y,1
user_161,82RK00UJFG-16,5
user_161,GF63-12UCX-681XFR-24G,2
user_161,V3525-RYZEN5-12,2
user_161,82KU00J6FG-12,5
user_161,9s7-16s811-033-16,5
user_161,9s7-155266-1021-8,4
user_162,81W101HLFG-2Y-12,1
user_162,9S7-17L352-086,3
user_162,S5602ZA-L2140W-24,4
user_162,81WQ00GYFG-256ssd,4
user_162,LE018CL0N1WB8NAFAMZ,2
user_162,LE018CL1JL7R0NAFAMZ,4
user_162,V3525-RYZEN7-24,1
user_162,886J7EA-32,3
user_162,82KU01DYFG-12,3
user_162,82NB003SFE-12,3
user_162,X1502ZA-EJ1634W-20,5
user_162,6Q844ES-24,3
user_162,6Q866ES,4
user_162,G5MF-32go,5
user_162,82KU01Q7FG,5
user_162,6L9K1EA-12Go,5
user_162,81WQ00GWFG-256SSD-2Y,2
user_163,AORUS-15-BSF-32,1
user_163,81W101HLFG-2Y-20-W10,1
user_163,735888-1035G1-32,2
user_163,NX.VPREF.004-16,1
user_163,82C30009FE,1
user_163,N6501VN3500EMEA01-8-W10,1
user_163,81W101LJFG-2Y-12,4
user_163,NX.AT9EF.002-12,1
user_163,V3520I5-12,3
user_163,6D6Y1EA,2
user_163,455Z7EA,2
user_164,455Z7EA,4
user_164,LE018CL12HQCCNAFAMZ,3
user_164,X1502ZA-EJ087W-12,2
user_164,82C2000YFE,3
user_164,LE018CL1JVY8WNAFAMZ,5
user_164,NX.EGHEF.00C,4
user_164,82C500T8FE-12,3
user_164,81WE01AXFE,3
user_164,82KU01Q7FG-8,1
user_164,AP009CL1DXIVONAFAMZ,2
user_164,81WE01AXFE-256SSD,5
user_164,82TT0028FE-12,2
user_164,82H802CTFG-20,5
user_165,V3520I5-24,4
user_165,82S9013HFG-32G,1
user_165,82TT002BFE,1
user_165,82H802LLFG-20,4
user_165,82RK00QGFG-12,2
user_165,9s7-14j112-001-16,2
user_165,32M77EA,1
user_165,81W101LJFG-2Y-20,2
user_165,82KB0016FE-12,3
user_165,898D5EA,4
user_165,82KR001HFE-2Y-20,4
user_166,601C1EA-24,3
user_166,6D6Y2EA,4
user_166,AORUS-15-BSF-32,2
user_166,D415DA-BV873T-8,1
user_166,82C500T8FE-12,3
user_166,886K7EA,1
user_166,6D6Y3EA-20,1
user_166,6F875EA-16,4
user_166,20VE00DWFE,3
user_166,V3510I5W11,4
user_166,LE018CL17M3OSNAFAMZ,1
user_167,NX.VPREF.004-16,2
user_167,B1500CEPE-EJ1428,1
user_167,82H8039KFG,1
user_167,6U7Y0EA-24,5
user_167,82C2000YFE-256,2
user_167,82TT00JKFE,2
user_167,82TT0028FE,4
user_167,B1500CEAE-BQ2851-40,3
user_167,MGNA3FN/A,4
user_167,32P03EA-8,2
user_167,21BSS4QW00,4
user_167,5540I51Y-512,5
user_167,GF63-12UCX-682XFR,5
user_167,UM425UA-KI167R,3
user_167,3440-I5,1
user_167,81W101HLFG-2Y-20-W10,1
user_168,V3520I5-20,4
user_168,6U7X9EA-16,5
user_168,D415DA-BV873T,2
user_168,X515EP-BQ358W-24G,3
user_168,82H802CTFG-20,4
user_168,886K4EA,4
user_169,81WQ00GUFG,3
user_169,HP017CL0F3RB4NAFAMZ,3
user_169,601C1EA-24,3
user_169,53A18EA-32,5
user_169,82TT0028FE-8,2
user_169,20YM002VFE,5
user_169,X1502ZA-EJ428W,3
user_169,V3400I5-12,3
user_169,20VD00EAFE,1
user_169,82RK00QGFG-12,1
user_169,B1500CEAE-BQ2848,5
user_169,X515EP-BQ676W,2
user_170,NX.EGHEF.00A-12,4
user_170,3510-i5-vost-16G-256SSD,1
user_170,886K6EA,4
user_170,GV301RC-LJ004W-16,3
user_170,AORUS-15-BSF-32,1
user_170,82NB003SFE,3
user_171,GF63-12UCX-681XFR-16,2
user_171,V3520I52G-16,2
user_171,BOHRD-WDI9A,3
user_171,X1502ZA-EJ727W-12,1
user_171,V3525-RYZEN5-16,1
user_171,81W101LJFG-2Y-20,2
user_171,9s7-16s811-033-24,2
user_171,21E300A5FE-16,3
user_171,S5602ZA-L2140W,2
user_171,B1500CEAE-BQ2851-40,1
user_171,B1500CEAE-BQ2851-12,5
user_171,3510-I5-11e,2
user_171,G5MF,2
user_172,V3520-I5-512SSD-8G,5
user_172,2R0N0EA-8G-512SSD,2
user_172,NX.AT9EF.002,1
user_172,82TT002NFE-12,1
user_172,82C30009FE-Win10P,5
user_172,V3520-I5-256SSD-8G,2
user_172,2RK00QJFG-12G,1
user_172,V3520I5,2
user_172,82KR001HFE-2Y-W10,1
user_172,V3520-I5-256SSD-4G,2
user_172,82NB000HFE-12-256,2
user_172,20VE00DWFE-16G,1
user_173,LE018CL0280SCNAFAMZ,2
user_173,82H802LLFG-20,5
user_173,N6501VN3500EMEA01-8,2
user_173,6U7X9EA-12,5
user_173,5P7W7ES,2
user_173,X1502ZA-EJ428W-12,2
user_173,82C30009FE-128,1
user_173,X515JA-BR3991W-12,4
user_173,NX.H4CEF.025-12,4
user_173,21E600A3FE-16,2
user_173,32M79EA-8G,3
user_173,NX.AT6EF.002-12,1
user_173,82RK00UJFG,1
user_173,N6501VN3500EMEA01-24-W10,3
user_173,6U7Y0EA-16,3
user_174,6Q844ES-16,4
user_174,NX.AT9EF.001,5
user_174,X1605PA-MB038W,3
user_174,82KU01Q7FG-8,5
user_174,LE018CL0UFE6KNAFAMZ,4
user_174,TM420UA-EC224-8G,3
user_174,82RK00QGFG,1
user_175,MNW83FN/A,2
user_175,9S7-17L352-086-32,2
user_175,HP017CL13QZTGNAFAMZ,1
user_175,X515FA-BR204W-12,1
user_175,53A18EA-12,1
user_175,81H7001BFG,5
user_175,X515JA-BR3991W,3
user_175,82H8039KFG,4
user_175,6L9J7EA-32G,2
user_175,6U7X9EA-16,2
user_175,NX.AT3EF.002-256 Go,1
user_175,20VE00EGFE-16G,3
user_175,886J0EA,2
user_175,V3525-RYZEN5-24,5
user_175,21E300AUFE,3
user_175,20W4S0N600,4
user_175,6Q844ES-24,5
user_176,DE014CL0JEN04NAFAMZ,1
user_176,9S7-15H112-060,4
user_176,MS198CL0X785WNAFAMZ,3
user_176,82TT0028FE,2
user_176,27K10EA-20,1
user_176,X515EP-EJ737W-8,1
user_176,6F875EA-16,1
user_176,5540I51Y-512-16,4
user_176,2R0M6EA-32,3
user_176,82RK00QGFG-16,5
user_176,G15-5530-I7-3Y-24,3
user_176,TM420UA-EC224-20G,3
user_176,X415EA-BV600T-24,4
user_176,6L9J6EA,3
user_176,82KB00SJFE,4
user_176,82RK00QGFG,4
user_176,LE018CL0ERISSNAFAMZ,5
user_177,82NB000HFE-8,4
user_177,82KU00J6FG,3
user_177,82H8039KFG,3
user_177,82TT002NFE-16,1
user_177,82TT002NFE-12,4
user_177,N6501VN3500EMEA01,2
user_177,82TT002NFE,4
user_177,NX.AT3EF.001-20,4
user_177,LE018CL0J4HVONAFAMZ,2
user_177,DE014CL01CBQKNAFAMZ,1
user_178,FX517ZM-HN093W,4
user_178,MGND3FN/A,4
user_178,82NB000HFE,5
user_178,G5KF-24go,1
user_178,82NB000HFE,5
user_178,AS040CL05A2D0NAFAMZ,5
user_178,82TT002NFE-12,1
user_178,NX.H4CEF.025-12,1
user_178,X515EP-BQ398W,2
user_178,3510-i5-16G,4
user_178,81W101LJFG-2Y-20,1
user_178,DE014CL0EVNKCNAFAMZ,5
user_178,LE018CL17ZA5CNAFAMZ,2
user_178,NX.VPREF.004-16,1
user_178,LE018CL18YE44NAFAMZ,5
user_178,X1605PA-MB038W-12,5
user_178,32P03EA-16-W10,2
user_178,TUF706HE-HX186W,4
user_178,2R0M5EA-20G,2
user_179,81W101HLFG-2Y-20,5
user_179,81WQ00GYFG,1
user_179,6L9J9EA-24,4
user_179,NX.VPREF.004-12,2
user_179,455Z7EA-16,5
user_179,82TT002NFE,1
user_179,601C1EA-24,2
user_179,TM420UA-EC046-12,1
user_180,6U7X9EA,4
user_180,LE018CL08T6R0NAFAMZ,5
user_180,LE018CL11GHWSNAFAMZ,2
user_180,6D6Y7EA-16,3
user_180,N6501VN3500EMEA01,5
user_180,GF63-12VF-413XFR-32Go,5
user_180,6Q867ES,2
user_180,HP017CL0LA1GWNAFAMZ,1
user_180,27K10EA-12,3
user_180,6U7Y0EA-32,1
user_180,82RK00QGFG-12,2
user_180,82KR001HFE-2Y,3
user_180,82NB003SFE-12,5
user_180,DE014CL15QWPGNAFAMZ,3
user_180,81H7001BFG,4
user_180,MS198CL0T4OUSNAFAMZ,5
user_181,TM420UA-EC046-20,4
user_181,DE014CL13A2EKNAFAMZ,2
user_181,20VE000MFE-24G,2
user_181,82KU01DYFG,5
user_181,81W101HLFG-2Y,2
user_181,HP017CL14K84SNAFAMZ,4
user_181,MODERN15-1021FR-20,3
user_181,G5MF-24go,5
user_181,82TT002GFE-8,3
user_181,MODERN15-1021FR-24,5
user_181,AORUS-15-BKF,5
user_181,82KR001HFE-2Y-12-W10,1
user_181,27K10EA-8,3
user_181,TM420UA-EC224,1
user_181,82YU0044FE,1
user_181,BOB-WAI9Q,1
user_181,82C2000YFE,2
user_181,4L0E8EA,3
user_181,A11MU-1021FR,5
user_181,G5KF,2
user_182,MGN73FN/A,4
user_182,82RK00UJFG-12,1
user_182,82H802LLFG-8,1
user_182,HP017CL13QZTGNAFAMZ,3
user_182,NX.EGHEF.00C,4
user_182,GF63-12UCX-681XFR-32G,2
user_182,X1605PA-MB038W,2
user_182,NX.VPREF.004-24,5
user_182,886K7EA,3
user_182,X515EP-BQ601W,5
user_182,20VE000MFE-16,3
user_182,G5 KD,2
user_182,X1502ZA-EJ674W-20,3
user_182,27K10EA,2
user_182,NX.HS7EF.00P-8,3
user_182,6L9K1EA-12Go,1
user_183,GF63-12UCX-682XFR-32G,4
user_183,6D6Y6EA,3
user_183,B1500CEAE-BQ2851,3
user_183,LE018CL0SYA58NAFAMZ,4
user_183,X515FA-BR204W-20,5
user_183,LE018CL08HW44NAFAMZ,3
user_183,15A12VE-463XFR-24,2
user_183,6L9J9EA,4
user_183,DE014CL0ZZ050NAFAMZ,5
user_183,NX.EGHEF.00C,3
user_183,32M78EA-8G,3
user_183,82H803SYFG-16,4
user_183,27K10EA-8,4
user_183,AP009CL08RA00NAFAMZ,1
user_183,LE018CL12HQCCNAFAMZ,5
user_183,X415EA-BV600T,5
user_184,B12VGK-636XFR,1
user_184,82KU01DYFG,4
user_184,LE018CL1GE2OSNAFAMZ,2
user_184,MODERN15-1021FR-12,4
user_184,6L9K4EA,4
user_185,82C500T8FE-256SSD,3
user_185,6L9K4EA,3
user_185,82YU0044FE,1
user_185,X515EP-BQ676W,5
user_185,82TT002GFE-8,2
user_185,V3525-RYZEN7-32,5
user_186,B12UDXK-644XFR,4
user_186,LE018CL18YE44NAFAMZ,1
user_186,886J7EA-24,3
user_186,82KU00J6FG,5
user_186,B1500CE-BQ2851,5
user_186,82KU01DXFG-20,3
user_186,MGN93FN/A,1
user_186,82RK00QGFG,3
user_186,2R9D4EA,5
user_186,6Q844ES-16,4
user_186,82H800VJFE,3
user_186,90NR0675-M00210-16,1
user_186,20VE016VFE-8,3
user_186,UM425QA-KI165W,3
user_186,N1610PVNB3520EMEA0,5
user_186,NX.VPREF.004-12,1
user_187,NX.ACWEF.00H,5
user_187,82H802CTFG-20,2
user_187,MNEP3FN/A,2
user_187,6U7Y0EA,5
user_187,2R0N0EA-20G,2
user_187,81DE00YPFG,2
user_187,82NB000HFE-256SSD,1
user_187,82RK00UJFG-16,3
user_187,X1605PA-MB038W-12,3
user_187,6Q866ES,1
user_187,X1502ZA-EJ1634W-8,3
user_187,82RK00QGFG-12,4
user_187,20VE016VFE,2
user_187,X712EQ-AU094W,2
user_187,6L9K4EA-12,1
user_187,NX.EGHEF.00D,3
user_188,G15-5530-I7-3Y,2
user_188,886J0EA,1
user_188,V3520-I5-512SSD-8G,3
user_188,X515EP-EJ737W-8,5
user_188,TM420UA-EC046-20,5
user_188,GF63-12UDX-213XFR-32G,3
user_188,V3520-I3-256SSD-8G,4
user_188,LE018CL1GE2OSNAFAMZ,3
user_188,6D6Y3EA,5
user_188,82TT002GFE-20,5
user_188,NX.EGNEF.007-12,2
user_188,X515EP-BQ369W,5
user_188,32P03EA-8-256,3
user_188,V3520I5,5
user_188,X415EA-BV600T-16,4
user_188,AS040CL0TATJ8NAFAMZ,1
user_188,82TT002GFE-8,3
user_189,N1807PVNB3530EMEA01,2
user_189,6F875EA-16-512,1
user_189,6D6Y3EA-20,2
user_189,V3520I5-20,2
user_189,82C500T8FE-256SSD-12,5
user_190,V3520-I5-256SSD-20G,1
user_190,21E300A5FE,4
user_190,TM420UA-EC224,3
user_190,V3530I3,1
user_190,9S7-15HK12-077,1
user_191,82TT002GFE-8,1
user_191,M3502QA-MA098W,4
user_191,AORUS-15-BSF,3
user_191,MKGP3FN-A,1
user_191,455Z7EA-16,2
user_191,X515EP-BQ601W-16G,2
user_191,82KU01DXFG-20,2
user_191,B1500CE-BQ2851,4
user_191,82NB000HFE-8-256,2
user_191,X515EP-BQ369W-24,1
user_191,MLY33FN/A,5
user_191,X1502ZA-EJ428W-12,3
user_192,9s7-17l422-082-32,4
user_192,21E600A0FE,3
user_192,601C1EA,5
user_192,X515JA-BR3991W-12,4
user_192,X1502ZA-EJ1634W-12,5
user_192,M6500QB-HN020W,2
user_192,32M79EA,4
user_192,9s7-155266-1021-32,2
user_192,G5MF-16go,2
user_192,6L9K4EA-16,3
user_192,6L9K4EA-12,2
user_192,I5-1035G1,2
user_193,82RK00QGFG,3
user_193,82NB003SFE,3
user_193,82TT0010FE-12,3
user_193,82KB00YXFE-8,4
user_193,82KB00YXFE-12,4
user_193,X1605PA-MB038W,1
user_193,21E300AUFE-16,2
user_193,9s7-155266-1021-8,5
user_193,HP017CL06INRGNAFAMZ,3
user_193,82KR001HFE-2Y-W10,2
user_193,NX.AT3EF.001,2
user_193,601F4EA-16,1
user_193,601F0EA,2
user_193,V3520-I5-512SSD-8G,5
user_193,32P03EA-8-W10,3
user_193,X1605PA-MB038W,1
user_193,6L9K4EA,1
user_193,82KU01Q7FG-8,4
user_194,X1502ZA-EJ1634W-8,3
user_194,V3520-I5-256SSD-4G,3
user_194,600R3EA,2
user_194,LE018CL1EJ8TONAFAMZ,5
user_194,D415DA-BV873T-8-512,3
user_194,2R0N0EA,3
user_194,601C1EA-32,2
user_194,2U2M4EA-32,2
user_194,6L9K2EA-24G,1
user_194,X1502ZA-EJ727W-12,2
user_194,735775-3510,5
user_194,B1500CEAE-BQ2851-12,3
user_194,82KB0016FE,2
user_194,32P03EA-8-W10,1
user_194,N1808PVNB3530EMEA01,1
user_194,82H803SYFG-12,2
user_194,LE018CL1N3R5GNAFAMZ,1
user_194,82RK00UJFG-16,5
user_194,N6501VN3500EMEA01-8,3
user_195,20VD00EAFE,5
user_195,6U7Y0EA-24,4
user_195,X515JA-BR3991W-8,5
user_195,32M77EA-8G,1
user_195,82TT00JKFE,5
user_195,BOHRD-WDI9A,3
user_195,82C2000YFE-8,1
user_195,NX.H4CEF.025-8,2
user_195,V3525-RYZEN7,5
user_195,MNW83FN/A,1
user_195,X1502ZA-EJ428W-16,5
user_195,M5602QA-MB126W,1
user_195,2R0M6EA-20,4
user_195,3510-I5-11e,4
user_195,V3520I5-24,4
user_195,V3520-I5-256SSD-4G,2
user_195,32P03EA-W10,2
user_195,6L9J9EA-16,1
user_195,V3525-RYZEN7-24,3
user_195,LE018CL0PJTT8NAFAMZ,4
user_196,NX.EGHEF.00A-12,3
user_196,X1502ZA-EJ428W-12,4
user_196,G5KF,5
user_196,LE018CL0PVVJ4NAFAMZ,2
user_196,V3400I5-16,3
user_196,6U7Y0EA-16,1
user_196,X515EP-BQ369W-16,3
user_197,82KU00J6FG,3
user_197,82TT0010FE-16,2
user_197,N1807PVNB3530EMEA01,2
user_197,GA503RM-HQ003W,3
user_197,21E300AUFE-16,5
user_197,NX.EGNEF.007-8,4
user_197,3511I5-3000-32,1
user_197,N6501VN3500EMEA01-12-W10,5
user_197,82C500T8FE-256SSD,3
user_197,20YM002VFE,1
user_197,LE018CL12HQCCNAFAMZ,5
user_197,LE018CL0PVVJ4NAFAMZ,5
user_197,6U7X9EA-16,3
user_197,81WQ00GWFG,2
user_198,82KB00SJFE-12,3
user_198,82TT002GFE-12,2
user_198,B1500CEAE-BQ2851,2
user_198,82TT002NFE,3
user_198,82SF00FCFG,1
user_198,X515EP-BQ676W-12G,5
user_198,MLXY3FN/A,2
user_198,81WE01AXFE-16,5
user_198,82RK00QJFG,2
user_198,NX.ACSEF.00D,3
user_198,LE018CL1DXM74NAFAMZ,2
user_198,6D6Y7EA,1
user_198,82KB0016FE-16,1
user_199,82TT002BFE-16,2
user_199,X1502ZA-EJ087W-16,2
user_199,32P03EA-8-256,4
user_199,NX.AT6EF.002,3
user_199,DE014CL0EVNKCNAFAMZ,5
user_199,53A18EA,3
user_199,82RK00QGFG,5
user_199,82H802CTFG-20,3
user_199,HP017CL0LA1GWNAFAMZ,2
user_199,81WE01AXFE-16,5
user_199,V3525-RYZEN5-12,2
user_199,HP017CL14K84SNAFAMZ,1
user_199,X1502ZA-EJ087W-16,3
user_199,81WQ00GWFG,5
